id	content	metadata	embedding
"8f0b9f3b-8166-45f5-b500-0e320efa83ff"	"Issue: pacs.008 messages for instant credit transfers rejected with error code 'AM04' (Insufficient Funds in clearing account) despite TARGET2 memo balance showing €45M surplus.
Root Cause: The TIPS liquidity reserve pool mirror synchronizer thread deadlocked following a database migration."	"{""status"": ""RESOLVED"", ""rationale"": ""The email thread details a P1-High incident (BNK-2026001) raised by Priya Nair regarding rejected pacs.008 messages and failed CHAPS cut-off notifications. Nils Lindqvist diagnosed both issues: a deadlock in the TIPS liquidity reserve pool mirror synchronizer thread following a database migration, and a stale certificate on the CHAPS webhook daemon. Nils resolved the primary issue by restarting the liquidity daemon with an increased thread pool size, and the secondary issue by replacing the stale certificate and replaying missed events. Priya confirmed successful resolution and reconciliation for both issues, expressing satisfaction and authorizing the closure of the ticket."", ""confidence"": 1.0, ""original_issue"": ""pacs.008 messages for instant credit transfers rejected with error code 'AM04' (Insufficient Funds in clearing account) despite TARGET2 memo balance showing €45M surplus."", ""resolution_steps"": ""Restarted the TIPS liquidity reserve pool mirror synchronizer daemon with the thread pool size increased from 16 to 64."", ""customer_sentiment"": ""SATISFIED""}"	"[0.028923167,-0.052340448,0.016166572,0.04596103,0.076400205,-0.10702564,0.099972524,0.054401606,0.014982085,0.06249973,0.17320701,-0.2880261,-0.1343205,0.19906048,-0.018711409,-0.039176352,-0.015189274,-0.2584538,0.14182246,0.22551474,-0.10000847,-0.16940194,-0.150381,0.18804228,0.090851344,-0.036536604,-0.19093058,-0.1176925,0.024944142,-0.057498835,0.027081799,0.14719975,0.0026292168,-0.24283206,0.26615992,0.2740243,0.043426134,0.106807075,0.019001082,0.01152157,0.18045603,-0.09989619,0.08335478,0.028720511,-0.08311379,0.16920947,0.14685443,0.20808895,0.058625504,0.29895723,-0.129796,0.020326361,-0.10470809,0.03317588,-0.05122719,0.15086974,0.2120063,0.15926668,0.07670708,0.0547373,0.18827292,0.09244093,0.15817468,-0.017731473,-0.0016313978,0.219602,-0.02198733,0.20163089,-0.09013604,0.055235256,0.16263549,0.032055702,-0.33740884,0.20327833,0.1775371,0.32823628,-0.1250651,0.074070655,0.12765415,0.021589555,-0.09777759,-0.43132725,-0.12600103,-0.19045758,-0.12094126,0.13159706,-0.07687267,-0.16174898,0.14941348,-0.23570967,0.1907253,0.19544189,0.13287544,-0.10809782,0.30273655,-0.16641843,-0.13464493,0.10864754,-0.20617595,-0.05265755,0.22482428,0.16303869,-0.11597646,0.16369116,0.036424693,0.008800548,0.17220601,0.08173332,-0.0041474886,-0.060456473,0.06617533,0.062304735,0.21815902,-0.16540585,0.12158555,0.17314346,-0.2505554,-0.2868671,-0.11666653,0.09914968,0.004171444,-0.14502406,-0.19691187,-0.12723821,-0.147682,0.070029736,-0.09875758,1.4321568e-32,0.088921525,-0.033306025,-0.054215964,-0.09455818,-0.10287514,-0.13790163,-0.038902923,-0.16658343,-0.21571907,-0.1593841,0.061647702,-0.14715259,-0.10571953,-0.10466632,-0.13627134,-0.19485512,0.14909706,0.19013205,0.2750935,0.19405055,-0.036192186,0.06562406,0.018581785,-0.1814318,0.22889167,0.34578237,-0.1681773,0.019125206,0.3373715,-0.043748654,-0.19021522,-0.054749183,-0.04708164,-0.0050709676,-0.24908787,-0.08615981,-0.04899831,-0.12223895,-0.09623426,-0.13324639,-0.0295766,0.18382746,0.06936315,-0.16278595,0.016712658,0.0809908,-0.04452719,0.058656972,0.11879052,0.27763692,-0.11912966,0.017228933,-0.39808008,-0.071066916,-0.2373564,-0.20961487,-0.15181717,0.0667845,-0.2593461,-0.054036528,0.18500386,-0.04715699,-0.09494401,-0.13776639,-0.0006327927,0.0068681277,-0.061700385,0.017042004,0.124877065,-0.0531779,-0.14825445,0.024079595,0.12728204,0.23899144,0.043457724,-0.32467854,0.122896165,0.09190137,-0.07213472,0.0051526166,0.037148584,-0.00015845988,0.17635329,0.06165182,-0.093331024,0.2357468,0.072994456,0.009488802,-0.23375657,0.10195671,0.048632935,0.095813625,0.105879135,0.112949714,-0.10732025,-1.4791713e-32,-0.11339039,-0.23222172,0.021978462,0.050637744,-0.0062732175,0.209491,0.10865981,0.26016226,0.04151984,-0.024212683,-0.021412272,0.09541395,-0.09666459,0.09450887,-0.10506525,-0.3130836,0.20242323,-0.018706335,0.11312497,-0.073968835,0.3862195,0.23486018,0.097696476,0.2560552,-0.028325524,0.16640037,-0.03149112,-0.06287643,0.041245945,0.094039954,0.120581925,0.19408286,-0.032152176,0.20057203,0.07825864,-0.29447097,0.017775498,-0.005021794,-0.04945516,-0.049497493,0.119428374,0.02523496,-0.22207318,-0.10369557,-0.08953554,-0.021924105,0.14099632,-0.07669532,-0.0049992297,0.07726471,-0.11671826,-0.32231268,0.011763757,0.22507438,-0.11217653,0.1694705,0.18447188,0.12681177,0.09043164,-0.23146018,-0.08696416,0.113917604,-0.11220851,-0.35250157,0.26767093,0.028669134,0.024882019,-0.012612002,-0.056699723,0.08311576,0.19977209,0.04274273,0.14092964,0.2323676,0.1334729,0.09126896,-0.2594759,-0.06980516,-0.0070652682,-0.075828314,-0.14280567,0.1907321,0.083964214,0.27069956,0.09908286,-0.054353766,0.0372784,-0.012829964,-0.082132354,0.08614572,-0.1047003,-0.28247055,0.12564713,0.24913825,-0.155978,-9.93613e-08,0.06679052,-0.030449258,-0.096801415,0.107974276,-0.14142612,-0.026820946,-0.26907435,0.06458304,-0.052701697,0.1302476,-0.21612023,0.20730525,-0.21060343,-0.04478224,-0.16012733,-0.24749176,-0.31100073,-0.12091641,-0.17548977,-0.20662555,-0.0667772,-0.037119217,-0.08238797,-0.20113309,-0.06184253,-0.054800227,0.34555757,0.3955611,0.14201632,-0.22859591,-0.3338818,-0.13026352,-0.10119577,-0.28582513,0.055993397,0.14301452,0.16348471,0.08116744,0.03864313,-0.00042253546,-0.054123163,-0.087209605,-0.084434904,-0.19994394,0.048164826,0.003135156,-0.28389013,-0.0020222683,0.15065806,-0.08641839,-0.08406241,0.029645128,-0.060466506,0.12116818,0.09283672,-0.20525217,-0.18627161,0.09317418,-0.009246657,-0.05323025,0.36484915,-0.0083082095,-0.03645305,-0.19925343]"
"f85e76ae-2d2f-4ed3-8fc3-d0d1841c721e"	"Issue: Automated clearing cut-off notifications for CHAPS failed to trigger at 16:00 BST.
Root Cause: The CHAPS webhook daemon had a stale certificate, preventing notifications from triggering."	"{""status"": ""RESOLVED"", ""rationale"": ""The email thread details a P1-High incident (BNK-2026001) raised by Priya Nair regarding rejected pacs.008 messages and failed CHAPS cut-off notifications. Nils Lindqvist diagnosed both issues: a deadlock in the TIPS liquidity reserve pool mirror synchronizer thread following a database migration, and a stale certificate on the CHAPS webhook daemon. Nils resolved the primary issue by restarting the liquidity daemon with an increased thread pool size, and the secondary issue by replacing the stale certificate and replaying missed events. Priya confirmed successful resolution and reconciliation for both issues, expressing satisfaction and authorizing the closure of the ticket."", ""confidence"": 1.0, ""original_issue"": ""Automated clearing cut-off notifications for CHAPS failed to trigger at 16:00 BST."", ""resolution_steps"": ""Replaced the stale certificate on the CHAPS webhook daemon and replayed the missed events."", ""customer_sentiment"": ""SATISFIED""}"	"[-0.14729954,0.16410531,0.0127298925,0.04485529,0.27818963,-0.355626,0.16652563,-0.061093397,0.026218578,0.10542968,0.18373044,-0.29062775,0.08330928,0.029987851,0.120617084,0.22544807,0.025042,-0.18501076,-0.042601828,-0.1763446,-0.22891487,0.062292013,-0.08730065,0.4566551,-0.031298466,-0.08003471,0.25140944,-0.0060041957,-0.33653787,-0.014500438,0.110547975,-0.30525938,-0.064754605,-0.16794953,-0.0039840625,0.2724701,0.16977109,0.0074418113,0.1635753,0.18812118,0.23394568,-0.06328329,-0.08071025,-0.10355466,0.20211592,0.05826487,-0.16228263,-0.029326307,-0.19934806,0.01498771,0.22531109,0.047695365,0.08155782,0.06851489,-0.10566443,-0.13124728,-0.22528866,0.25385064,0.08671695,-0.2028606,-0.10052706,-0.17751868,0.01327711,-0.036202848,-0.04120975,0.112540625,-0.12525256,-0.06159558,0.074378654,0.217892,-0.09449716,0.3116352,-0.11063681,0.08467938,0.0813605,0.2618371,0.029422062,0.08128444,0.12524411,-0.15967084,-0.0930108,-0.21514797,0.1252701,0.054071743,-0.021711586,0.0001797888,0.20407774,-0.037006006,-0.10135151,0.08332547,0.25587165,-0.040695507,-0.16995409,0.18592371,-0.4532047,-0.10929025,-0.07977411,0.040149216,-0.10094111,0.10270195,-0.02713586,0.032255426,-0.09817613,0.19328198,0.24085242,0.04761801,-0.07525818,0.042742662,0.05880943,-0.1759615,-0.1873452,-0.2067032,0.097406656,-0.04136893,0.11215189,0.5630547,-0.08424905,0.021046521,0.054532625,-0.047364607,0.08671889,0.12662518,-0.23657708,-0.13632563,-0.031873148,0.43725774,0.22872967,1.1920568e-32,0.13010986,0.14312807,-0.21485719,-0.016170306,0.26678017,-0.184488,-0.072714895,0.17718805,-0.12259312,-0.09915005,0.17276877,-0.095057264,0.085375756,-0.57528347,-0.08036506,-0.13314159,0.07390368,0.0722198,-0.02008267,-0.22109437,-0.008969132,-0.07325044,-0.079421856,-0.17644349,0.10779574,0.26144582,0.03209262,0.2600389,0.07787101,0.089720406,0.084163494,0.15621226,0.23043114,0.18938282,-0.39740595,0.13205503,0.010357594,-0.3482679,-0.027651008,-0.46891055,0.12682861,-0.02804453,-0.19037789,0.03153788,0.07850876,-0.09748185,-0.04583858,-0.099479444,0.16695416,0.12907559,-0.16047949,0.119068846,-0.04554948,-0.06273545,-0.024205659,-0.059206728,0.022389669,-0.26032358,-0.0010639695,-0.2022919,0.38085926,0.06886753,-0.010570293,-0.53003466,0.17664945,0.12911755,0.22559683,0.17209128,-0.15851825,-0.118423514,0.04285969,0.021535298,0.21225794,-0.010008605,-0.051867526,-0.22551054,0.17916483,-0.02617684,-0.1369902,0.122192785,0.27361614,-0.33470705,0.102232724,-0.16054341,0.13090691,0.022385385,0.19911048,0.23023641,-0.29836905,0.37913382,-0.28085852,0.39571553,0.11828891,0.37970063,-0.13088422,-9.060448e-33,-0.047103915,0.010882963,-0.2964001,0.20135131,0.006111642,-0.057603847,-0.058058426,-0.032756187,0.09379231,-0.03097754,0.16952498,-0.20010066,0.10509792,-0.09785994,-0.078661665,-0.08936694,0.14195296,-0.034491498,0.0640382,-0.024073187,0.12118139,0.27628425,-0.163344,0.10192078,-0.010225607,-0.047791597,0.11364162,0.020054149,0.00853367,0.03654687,0.029436821,-0.10299873,0.0776251,0.24324349,-0.08386193,-0.46906483,-0.22737418,0.281525,-0.020771656,-0.22100686,0.22788887,-0.11373952,-0.28029978,0.042653926,0.102321394,-0.03436904,0.027887566,0.03480514,-0.15905957,0.21854858,-0.1105613,-0.105243765,0.16690381,0.2698732,-0.25883526,0.36989886,-0.087211505,0.03895736,0.07133787,-0.29703364,-0.10222199,-0.028578022,-0.09750024,0.056056324,0.2870312,0.15373935,-0.15406011,0.06617992,0.36349937,-0.020569885,0.05178197,0.0064248377,-0.12750778,-0.13533343,-0.1758692,0.11424478,-0.21912877,-0.13123485,-0.2338615,-0.027545545,-0.2208416,0.23705453,0.10975476,-0.058567725,-0.11136386,0.06359608,-0.10975333,0.12510793,-0.010785022,0.1301829,-0.013483135,-0.100052655,0.11140869,0.2986409,-0.20017964,-9.850074e-08,0.007497332,0.09256057,-0.27249834,0.20836623,0.29955947,-0.010243581,0.17343535,-0.17563555,-0.37485033,0.08999007,-0.20280321,0.15184623,-0.036369435,-0.0008319954,0.16134296,-0.36072537,-0.062024746,0.118080825,0.03843632,-0.22573613,0.10120119,-0.16369037,0.051645957,-0.047270935,0.04797417,0.14954641,-0.037183147,0.104823865,-0.09367587,-0.14085442,-0.17946385,-0.21476132,0.09308585,-0.108319916,0.21473145,0.24882355,-0.29076907,-0.13675304,0.09277121,0.09801074,0.08148711,-0.04190187,0.11171062,-0.10952731,-0.24771379,0.15853517,0.0877239,0.050878964,0.18571383,0.34875286,0.14611246,-0.2810029,0.27680695,-0.038633287,0.099697016,-0.11011989,0.19463573,-0.4284434,-0.24195355,0.0011970666,0.20168962,-0.24835733,-0.061173014,0.060391612]"
"844f636f-7601-4199-ab7a-d48bc05d1ddc"	"Issue: Cross-border USD settlement of $14,250,000 blocked in OFAC queue due to fuzzy string match (88% similarity) at intermediary correspondent bank.
Root Cause: Fuzzy string match (88% similarity) against a designated national list triggered an OFAC block at the intermediary correspondent bank."	"{""status"": ""WORKAROUND"", ""rationale"": ""The email thread traces a P1-High incident reported by Ahmed Al-Mansoor regarding a blocked $14.25M USD settlement (due to an OFAC fuzzy match) and MT199 schema validation failures. Gregory Bell from support quickly triaged the issue, identified that a permanent fix requires weekend downtime, and provided immediate workarounds for both issues (re-routing via Euro-denominated MT202 COV and switching the MQ listener to raw-string ingest). Ahmed confirmed the workarounds successfully resolved the immediate operational blockages and requested updates on the permanent weekend deployment (CR-8002). Both issues are classified as WORKAROUND since the permanent fixes are pending weekend deployment."", ""confidence"": 1.0, ""original_issue"": ""Cross-border USD settlement of $14,250,000 blocked in OFAC queue due to fuzzy string match (88% similarity) at intermediary correspondent bank."", ""resolution_steps"": ""Re-routed the payment through a direct bilateral currency corridor via Euro-denominated MT202 COV to bypass the intermediary US filter. Scheduled a permanent core patch under Change Request CR-8002 for the upcoming weekend maintenance window."", ""customer_sentiment"": ""SATISFIED""}"	"[-0.18914671,-0.03250666,-0.059845917,-0.124266766,-0.19492179,-0.21173419,0.32466322,-0.091493264,0.034486637,0.1718861,0.21662906,-0.2133587,0.014928357,-0.03593049,-0.1913186,0.051985506,0.092292815,-0.38303292,-0.09309665,-0.03264363,-0.24202438,-0.073757,-0.24792401,0.08083533,0.078760006,-0.055241346,-0.011444666,-0.033107374,-0.0553695,-0.12222848,-0.11560029,0.1569436,-0.075849555,-0.057828363,0.0553085,-0.12150023,-0.07141255,0.069090925,0.14628235,-0.19825217,-0.048768345,-0.008241247,0.14288,-0.0021826949,0.19601831,-0.07700395,-0.0017655776,0.12202643,0.11682737,0.02101723,-0.044069007,0.07894377,0.030138668,-0.06343823,0.06736014,-0.011510938,0.12713332,0.055942535,-0.023892865,0.058369786,-0.09563005,-0.12998314,-0.051769834,0.11513249,0.05994453,-0.13688758,0.022537263,0.015746899,-0.066730104,-0.005854168,0.20880432,-0.15073946,-0.030870331,0.2597043,0.27269188,0.18745741,0.11885074,0.0679707,0.08770792,-0.08564532,0.014915442,-0.2430363,-0.13420664,-0.09188552,0.015996674,-0.112077415,0.18566903,-0.060401417,0.23938948,-0.12719291,0.40414485,0.10143433,0.40942365,-0.020734085,0.07920579,-0.08541657,0.0450549,0.30290744,0.022443727,0.12230687,0.39175206,0.05397562,-0.09281323,0.018334169,-0.06673129,0.06715253,0.20654121,-0.04061004,0.015830895,-0.0743803,-0.23515086,-0.10923368,0.1785034,0.0069956183,-0.411649,0.039850984,0.23161587,-0.16301529,0.1503182,-0.10710164,-0.030901054,-0.014686234,-0.30689165,-0.16664314,-0.17840397,0.18455215,0.057673,1.0207968e-32,-0.15710287,-0.060230535,-0.24736448,-0.29275382,0.021980433,-0.10533774,0.05781182,-0.006663207,-0.05758128,0.0860747,-0.28380322,-0.09734683,0.14255363,-0.1974875,-0.29635462,-0.16062793,0.108512215,0.07370526,-0.11746467,0.13386476,-0.03817102,-0.12246271,0.12634581,0.0072995923,0.04698625,0.16294566,-0.22016926,-0.28666037,0.37919047,0.109704755,-0.02790887,0.0920485,0.22986856,0.09556496,0.09039072,0.27837908,0.29202852,-0.17489487,0.10781753,0.012916978,-0.30177885,0.12157301,0.10193176,0.07859001,0.039264187,0.053025488,-0.13704011,-0.06300087,-0.25978845,0.14219265,-0.25482213,0.10868859,-0.21674557,0.092643075,-0.061460525,-0.08510061,0.02878562,-0.018480131,0.06774045,0.32538253,-0.09376825,-0.005255649,-0.04361088,-0.014101396,-0.0883612,0.07487863,-0.16507596,-0.14128083,-0.038484223,0.041655034,0.14422789,0.06357512,0.16547062,0.10435895,-0.05141094,-0.10902613,-0.14911537,0.23541443,-0.047266826,-0.2775093,-0.31812286,-0.03801481,-0.0025308272,0.12944005,-0.017463472,0.016540898,0.049277484,-0.021788921,-0.07560782,-0.03628976,0.07591217,-0.051941045,0.18143107,-0.053452373,0.3007832,-1.0721644e-32,-0.23364906,-0.09614602,-0.0485321,-0.06507573,0.033761337,-0.1571471,0.33293974,0.15304898,0.19864684,0.07666562,-0.071572974,0.08784885,-0.016143182,-0.080960885,-0.078311116,-0.10697329,0.34536737,0.16491954,0.07234249,-0.027046097,0.094094716,-0.13487399,-0.005831354,0.28916866,-0.18211256,0.21077843,0.046643876,-0.3463424,0.11331216,0.14468086,-0.14472249,-0.11260808,-0.17517214,0.075263895,-0.15560451,-0.08301286,0.2079848,0.14219469,-0.107384995,-0.08890438,-0.07968625,0.19245198,-0.14686804,0.013860918,0.018154688,0.0573467,-0.08317256,-0.021268528,0.062772036,-0.1681427,0.25479293,-0.072134495,0.43378228,0.27450588,-0.15434043,0.16662541,-0.012965941,0.1593229,-0.18702774,0.07155641,0.0044639753,0.1046757,0.012252339,-0.12810755,0.3711535,0.07707991,-0.12236875,-0.11900315,0.15229191,-0.1985913,0.040038045,-0.03834548,-0.104593314,0.00082239107,0.14429204,0.18215756,0.023264589,-0.16923554,0.19351281,0.3761742,-0.09058606,0.10504874,0.27542523,0.26846805,0.1218535,0.034154594,0.057650566,-0.13325974,0.008054196,-0.103335395,-0.14040102,-0.064390644,-0.15578648,-0.110459685,-0.06158643,-9.9269734e-08,-0.18839882,-0.2319171,-0.28221467,0.092025615,0.012155818,0.14225519,-0.09526025,-0.055197876,-0.099820256,0.069826856,0.052450206,0.03283983,-0.23674256,-0.06679561,-0.15328348,-0.13472831,-0.14736256,0.24496451,-0.18554178,-0.09350691,-0.110644296,0.20171277,-0.33470848,-0.15895212,-0.14237697,0.063680984,-0.051508717,0.1668077,0.042051166,-0.13175666,-0.22567752,-0.1873728,-0.033569198,-0.10382874,0.023526108,0.009624076,-0.04993713,0.012864758,0.07719095,0.10363966,0.053139593,-0.06005628,0.05467576,-0.023063162,0.2740293,-0.0344062,-0.32854053,0.091867365,0.0167373,-0.06846827,0.18608992,-0.055118043,0.12161036,0.05874413,0.29528204,-0.4235917,0.016315695,-0.036637276,0.017015876,0.21831614,0.07170916,-0.2848984,0.05909653,0.16035658]"
"6e7663cd-af00-4836-a8ca-d9e69a0625b1"	"Issue: MT199 status confirmation messages failing schema validation on downstream MQ listener.
Root Cause: Downstream MQ listener failed to validate the schema of incoming MT199 status confirmation messages."	"{""status"": ""WORKAROUND"", ""rationale"": ""The email thread traces a P1-High incident reported by Ahmed Al-Mansoor regarding a blocked $14.25M USD settlement (due to an OFAC fuzzy match) and MT199 schema validation failures. Gregory Bell from support quickly triaged the issue, identified that a permanent fix requires weekend downtime, and provided immediate workarounds for both issues (re-routing via Euro-denominated MT202 COV and switching the MQ listener to raw-string ingest). Ahmed confirmed the workarounds successfully resolved the immediate operational blockages and requested updates on the permanent weekend deployment (CR-8002). Both issues are classified as WORKAROUND since the permanent fixes are pending weekend deployment."", ""confidence"": 1.0, ""original_issue"": ""MT199 status confirmation messages failing schema validation on downstream MQ listener."", ""resolution_steps"": ""Switched the downstream MQ listener to raw-string ingest mode as a temporary bypass. Linked the permanent schema validation fix to Change Request CR-8002 for weekend deployment."", ""customer_sentiment"": ""SATISFIED""}"	"[-0.07383832,-0.20918223,0.35114187,-0.099599436,0.044005133,-0.04763727,-0.27090657,-0.09761298,-0.23072094,-0.045259718,0.14562905,-0.3952774,0.40658623,0.3762496,0.14777328,0.26620358,0.3416854,-0.2346438,0.18602678,0.13320906,-0.120617844,0.20679516,-0.08833786,0.18178055,0.086985774,-0.36155665,-0.38774362,0.062143408,0.17096482,0.011228156,0.398634,0.3578771,-0.18390185,-0.093923956,0.3588037,0.26475388,-0.066448845,-0.011835436,0.035795774,-0.04195019,0.28321052,-0.26517263,0.33868602,-0.1791804,0.16357598,-0.3188144,0.10693016,-0.05801997,-0.23561469,0.4659105,-0.043434743,-0.10413685,0.06526772,0.23636937,0.08920904,0.2756121,-0.34380922,0.17379284,0.1100727,-0.06794005,0.17180145,-0.082968034,-0.16312166,-0.102484256,-0.06655922,0.2905504,0.027222337,-0.121190384,-0.00046641327,-0.15636559,0.29088363,-0.060136545,-0.4007434,-0.34444332,-0.07792046,0.612182,0.104905635,-0.16109322,-0.13848114,-0.11485191,-0.060751475,0.038857814,-0.05679959,-0.18262213,-0.12713641,0.17218527,0.08405164,0.092723444,-0.19428824,0.07675316,0.2735307,-0.29123154,0.07765949,0.19394292,0.069767356,0.19658057,-0.39930132,0.005697117,0.077013776,0.00834312,0.4167694,0.24932738,0.056355394,0.31248832,0.096694216,0.0074405824,-0.04628946,0.29639652,-0.18708657,0.015199595,0.1619614,0.12943624,0.15717106,-0.033227168,0.02910698,0.43998003,-0.16172387,0.03352441,-0.13020682,-0.11970105,-0.09686145,-0.23631912,-0.053417806,-0.23738883,0.31898603,0.0483312,0.07934656,2.1861912e-32,0.07796984,-0.060797863,0.2708545,-0.09124256,0.27335197,0.12756371,0.24185443,-0.026443034,-0.33640826,-0.1861837,-0.25099602,-0.03126121,-0.07647871,-0.3723722,-0.13117787,-0.29435125,-0.33530867,0.033150043,-0.03760421,0.26196945,-0.049168564,-0.28914618,-0.13292938,-0.07220848,-0.23695919,0.1705806,-0.019124221,0.29484195,0.26695657,0.07916294,0.01196251,0.07554276,0.332591,-0.063915305,-0.036196895,-0.052643936,-0.09344507,-0.10918412,-0.05735011,-0.37379193,-0.12389899,0.0055251885,-0.32626632,-0.050274428,0.0880668,-0.3720433,-0.11459796,-0.09057137,0.07186926,-0.14890775,-0.13735579,0.011187032,0.10257437,-0.15033482,0.10896996,-0.17151567,-0.06500621,0.353422,-0.10684111,0.09573879,-0.057591368,0.022388894,-0.1403175,-0.1943491,0.32734814,-0.1056067,-0.13459088,-0.22257608,0.0280649,-0.06046712,0.20726627,-0.12769662,-0.02606238,0.21203646,0.1508704,-0.4631927,0.11994887,0.09247679,-0.012280927,-0.11520377,-0.1111775,-0.046326246,-0.16642626,0.19194067,0.18363458,0.14091502,0.1216554,-0.16943555,-0.13601011,0.3306081,0.048767734,0.24678925,0.17820053,0.36577007,-0.18911967,-1.6455153e-32,-0.2524702,0.07220141,-0.093084,0.079390235,-0.2320631,-0.2597067,0.35160744,0.38256636,-0.05573684,-0.13710716,0.21830817,-0.16308886,-0.1472753,-0.2528594,-0.22100666,-0.28309938,0.2797855,-0.14480796,0.16155584,0.20202309,0.3023646,0.3067757,-0.3893596,0.2759557,-0.107079886,0.18118733,0.28228348,0.03824333,-0.06898044,-0.1273691,0.06521393,0.12228237,-0.14721748,-0.009419563,-0.031208504,-0.26337534,0.18134911,0.07879295,0.20934376,-0.105020046,0.23923337,0.2485967,-0.1665758,-0.011033955,0.122385114,0.007648865,0.021037396,-0.08546347,-0.077903815,-0.12364789,-0.12578225,-0.115264736,0.35082257,0.2794199,0.093102664,0.38448113,0.24522147,0.049102273,0.044047773,-0.3123584,0.002297759,0.07294909,-0.29708347,-0.24327877,0.29752278,0.1091834,0.024232063,0.030886043,0.052596804,-0.15918547,-0.2713771,-0.058158297,-0.15891866,-0.0580825,0.32570773,-0.10687959,-0.6171006,-0.08211375,0.06834278,-0.25304645,0.09966134,0.14593679,0.10332771,-0.0048498316,0.32144603,-0.1397986,0.18026923,0.16591902,-0.05209629,0.09775975,-0.3629845,-0.11592238,-0.12041571,-0.093081675,-0.14128432,-9.9675376e-08,-0.11245401,-0.29396877,-0.30984163,-0.28705737,0.06434986,0.08465946,0.06457455,-0.18257785,0.18514735,0.27054054,-0.2049557,-0.1865313,-0.39549094,0.06601195,0.25015402,-0.16935386,-0.09612524,0.058037505,-0.22572914,-0.38661957,0.013965497,0.025251972,0.18070696,0.18103516,0.024206651,0.15966374,0.320095,0.41927892,0.033718865,-0.10992097,-0.2868985,-0.2755336,-0.005791057,-0.1164779,-0.22417237,0.19371915,0.39206925,0.024430882,0.38257644,-0.19252402,0.032572336,-0.113135226,-0.22667262,-0.100265495,-0.06784699,0.0659415,-0.2757459,0.49275255,-0.11151116,0.14480832,-0.04536311,-0.18938033,-0.14063226,0.020433454,-0.00946794,-0.31241858,0.1398791,-0.1473431,-0.11276528,-0.15862755,0.57501155,0.36768895,0.046591133,-0.37848344]"
"202fdf3d-dc09-480c-b778-997af0db8a24"	"Issue: Inbound Fedwire messages (IMAD/OMAD) failing to post to real-time GL, causing a $32.4M discrepancy in Federal Reserve Bank of New York nostro account reconciliation.
Root Cause: A connection pool leak in the MQSeries bridge connecting the FedLine Direct gateway to the core banking ledger."	"{""status"": ""RESOLVED"", ""rationale"": ""The thread progresses from an initial high-priority report of a $32.4M Fedwire reconciliation discrepancy and erroneous overdraft alerts (Turn 1) to an immediate investigation by support (Turn 2). The support engineer diagnoses a connection pool leak in the MQSeries bridge, deploys hotfix v4.12.3, and runs a ledger sync script (Turn 3). The customer confirms successful posting, reconciliation, and alert resolution, authorizing ticket closure with high satisfaction (Turn 4)."", ""confidence"": 1.0, ""original_issue"": ""Inbound Fedwire messages (IMAD/OMAD) failing to post to real-time GL, causing a $32.4M discrepancy in Federal Reserve Bank of New York nostro account reconciliation."", ""resolution_steps"": ""Deployed hotfix v4.12.3 to fix connection handle leaks in the MQSeries bridge and executed an end-of-day ledger sync script."", ""customer_sentiment"": ""SATISFIED""}"	"[-0.08545112,-0.038561895,0.09271879,0.099505514,0.0068746773,-0.2838343,-0.1096769,0.051503073,0.24252532,-0.026816782,-0.01289828,0.044383347,-0.08093948,0.055064175,-0.0722659,0.06326511,0.02259227,-0.238629,-0.10318378,0.08174483,-0.057209436,-0.055530414,-0.15150619,0.04618596,-0.0103917075,-0.08346845,-0.1201297,-0.031990692,-0.21053979,-0.27758837,-0.052721202,0.11734534,-0.19347985,-0.04610212,0.032944195,0.15571296,0.10811806,0.14762785,0.06769,-0.24143049,0.18729448,-0.093470484,0.115930215,0.05945768,0.022488162,-0.0062621506,0.00031574012,0.18130359,0.024568768,0.15916777,0.077604406,-0.0145292105,0.061877206,0.25667962,0.13243687,0.100362495,-0.13801666,0.07417741,-0.0043885764,0.13933137,0.031024147,0.09969154,-0.07706735,-0.08985136,0.07711587,-0.06931716,0.21710233,0.061037928,0.011169133,-0.13458775,0.2559135,0.075857356,-0.2069087,-0.05747157,0.14370093,0.2414383,-0.059865788,0.13759547,0.21736641,-0.005929423,0.054793276,0.0060121664,-0.023086535,-0.10051469,0.12004115,-0.059723385,-0.055140883,0.02652128,-0.01862619,-0.16588274,0.1465233,0.07129658,0.040158704,0.23153101,0.027907053,0.08373926,-0.11745664,0.058689713,-0.077134244,0.075088136,0.28519922,0.30965158,-0.14031103,0.32860175,0.1260699,-0.023035496,0.3232446,0.24723585,-0.14063908,-0.052428875,0.20281719,-0.037271567,0.22276051,0.0793486,0.048496522,-0.036490727,-0.13055468,0.07292301,0.14322068,-0.055876903,-0.25778356,0.17403278,-0.18737717,0.02506365,-0.06994083,0.20023349,0.082154654,1.2085679e-32,-0.14377183,0.1560281,0.08972377,-0.12419483,0.08665024,0.0533173,-0.097403474,0.052771736,0.07390233,0.0993298,-0.14994599,-0.03902705,-0.14884587,-0.22933085,-0.13445312,-0.29651734,-0.07001062,0.03452118,0.28634435,0.11828268,-0.012647549,-0.16969812,0.1388871,-0.06013648,0.16182941,0.18850395,0.059898887,0.09195688,0.32601508,0.029801235,-0.11675759,-0.17868748,0.31938222,-0.038934562,-0.15598707,-0.084310606,-0.047050044,-0.14397348,-0.28343642,-0.060592446,-0.23994328,0.074644804,-0.12920114,-0.046630025,-0.23115216,0.1073671,-0.020562263,0.1443539,-0.12301108,0.0961758,-0.23785283,0.09168315,-0.29837343,-0.034031022,-0.028980976,-0.040216275,0.09061716,-0.060397003,0.09858493,0.36474282,0.0255194,0.008675816,-0.2709693,0.042657897,0.09029639,0.1913989,-0.14392373,0.13778251,-0.23156947,0.2543792,-0.08488312,0.0853055,-0.0010892526,0.22892667,-0.023899434,-0.19480957,-0.095528886,0.08171296,0.07744698,-0.16858615,-0.1427965,-0.09423544,0.07803291,0.28203526,-0.11195215,0.093134455,0.14840142,-0.03369917,-0.084062815,0.3564791,-0.21075043,0.19379021,0.23379165,0.14403556,0.04952872,-1.2086981e-32,-0.38792902,-0.032904647,-0.013461972,-0.030486314,-0.026504565,0.0065912297,0.008423086,0.17521602,0.16369273,0.107953414,-0.07517368,0.167796,-0.15758076,0.0546588,-0.096671954,-0.3260663,0.05314459,-0.12037182,0.10095362,0.14404067,0.17808461,0.16869934,-0.10597756,0.07618485,-0.0009930842,0.22023112,-0.040912647,0.06741157,-0.17454758,0.15477479,0.21844497,-0.041834388,0.040913783,0.036776613,-0.13306949,-0.021286462,0.2324675,-0.008324311,0.1565094,-0.053085186,0.035734076,0.102913424,-0.23907176,-0.13001192,-0.03596979,0.100452706,-0.35630777,-0.050505605,-0.019310208,0.14991106,-0.28553313,-0.113345414,0.031343944,0.089526765,-0.19396067,0.071016565,0.16271521,0.08391452,0.0645489,-0.10566764,-0.09825937,-0.11254275,-0.13480613,-0.23461112,0.3132432,-0.09903488,0.27541417,-0.0044709556,0.24942975,0.24338618,0.10509012,-0.08676723,-0.0648138,-0.17409536,0.26313928,0.09861039,-0.21166772,-0.08286383,-0.09084951,-0.048133504,0.0626519,0.0432067,0.0060133515,-0.037556026,0.0047146883,-0.053683423,0.29139444,-0.040399432,0.017080767,0.15491852,-0.18066375,-0.076067336,-0.19440134,0.14902161,-0.3434669,-9.907937e-08,-0.060715117,-0.07773102,-0.24092397,-0.036332164,0.03895879,-0.117025875,-0.1855291,0.042767566,-0.016647965,0.17378482,-0.070352964,-0.007417097,-0.22055857,-0.121769615,-0.10414391,-0.35839584,-0.20906705,-0.19688192,-0.15397581,-0.24994764,-0.12591545,0.24207133,-0.12454637,-0.028019043,-0.07941187,-0.18716319,0.29373652,0.24814016,-0.03519975,-0.058338497,-0.14354223,0.07231655,0.13727687,-0.037747663,-0.19344898,0.078565046,0.086300395,0.019789014,0.036073577,0.03243482,-0.06481656,-0.007646709,-0.009242622,-0.108438455,0.07851255,-0.10529017,-0.2729488,0.13157259,0.12495537,0.00832267,-0.14127706,0.0020656388,-0.04621496,0.051522642,0.21771207,-0.2887834,-0.14766999,-0.10248258,-0.0046490026,-0.14714131,0.14021228,-0.21397893,0.038292147,-0.17254588]"
"72567dd0-ddfb-4e86-9216-47f79e571221"	"Issue: Daytime liquidity overdraft charges alert triggered erroneously on corporate dashboard.
Root Cause: A connection pool leak in the MQSeries bridge connecting the FedLine Direct gateway to the core banking ledger, which disrupted real-time ledger updates and triggered erroneous overdraft alerts."	"{""status"": ""RESOLVED"", ""rationale"": ""The thread progresses from an initial high-priority report of a $32.4M Fedwire reconciliation discrepancy and erroneous overdraft alerts (Turn 1) to an immediate investigation by support (Turn 2). The support engineer diagnoses a connection pool leak in the MQSeries bridge, deploys hotfix v4.12.3, and runs a ledger sync script (Turn 3). The customer confirms successful posting, reconciliation, and alert resolution, authorizing ticket closure with high satisfaction (Turn 4)."", ""confidence"": 1.0, ""original_issue"": ""Daytime liquidity overdraft charges alert triggered erroneously on corporate dashboard."", ""resolution_steps"": ""Deployed hotfix v4.12.3 to fix connection handle leaks in the MQSeries bridge and executed an end-of-day ledger sync script, which restored normal ledger sync and cleared the erroneous alerts."", ""customer_sentiment"": ""SATISFIED""}"	"[0.024229677,0.11507903,0.13634436,0.21481945,0.24007444,-0.28031823,0.27699885,0.014569597,0.1502132,-0.117515825,-0.17387845,-0.15954116,-0.023586355,0.122530624,-0.03452414,0.056561667,-0.02814675,-0.29758963,-0.027749829,0.10768219,-0.033214193,-0.20164402,-0.2494659,0.12354832,-0.12193717,-0.041785356,0.123734,0.011640331,-0.027918862,-0.2922599,-0.17519283,0.22365248,-0.32383773,-0.25862715,0.24046156,-0.092949964,0.12419737,0.12378945,-0.05744303,-0.13635351,0.28622827,-0.090356804,0.14912736,0.014126746,0.032871198,-0.022232039,0.10531538,0.003499749,0.042857517,0.3451364,-0.13145271,0.049638562,0.029637322,0.04156658,-0.022185061,0.11510286,-0.05001534,0.026833652,0.2064861,-0.0561401,-0.10541413,0.13496394,0.08806976,0.13911068,0.021409228,-0.04904533,-0.089784466,0.22278294,-0.03481997,-0.030845072,0.30621475,-0.14041287,-0.2071361,-0.20732278,0.20809552,0.17510134,-0.039117407,0.012528944,0.06770901,-0.102299795,0.09328505,-0.13253815,0.06902784,-0.037659973,0.12452708,0.041670326,-0.022752848,-0.06844724,0.012200234,-0.0025205102,0.21961187,-0.14876913,0.044733178,0.113663055,0.03769423,-0.026312206,-0.19943133,-0.1277015,0.05146362,0.025171041,0.11654445,0.18003063,0.040236272,0.46921295,0.1802619,0.021208713,0.08843078,0.30706558,0.1372979,-0.249897,0.18150638,-0.06961899,0.3255595,-0.16674592,-0.09906459,0.2759326,-0.13112172,-0.08550156,-0.07269081,0.12221104,0.03333071,0.096138276,-0.293186,-0.16800721,0.25433585,0.3442757,-0.07588081,1.2721038e-32,-0.020950237,-0.09291791,0.08619057,-0.07954828,0.13001393,-0.038977526,0.0072881556,0.0049321405,0.051636644,0.045622624,-0.03504274,0.066433884,-0.117059894,-0.29689062,-0.31252807,-0.27099842,0.01306806,0.10534896,0.19080928,0.04377451,-0.099630944,-0.29793143,-0.1020532,-0.1334935,-0.012130233,0.30388102,0.15659596,0.17359057,0.29639775,0.15565374,0.0059202467,0.004217005,0.14750327,0.11625559,-0.18847592,0.20050354,-0.18930458,-0.18924907,-0.14187683,-0.11326568,-0.42897373,0.0027741895,-0.17175968,-0.04848629,-0.13009284,-0.03983926,-0.030199865,-0.1472159,-0.13236861,0.057469066,-0.2743712,-0.051091164,-0.09207821,0.14508048,-0.22160314,0.10202074,-0.005298876,-0.047844402,-0.09998992,0.13293828,-0.10906166,0.028207792,-0.3856966,-0.29491124,-0.006106599,0.25575238,0.15755367,0.12494555,-0.18113977,0.08630912,0.022766285,-0.039950762,0.24669012,0.14672273,-0.05676934,-0.019245049,-0.118843816,-0.017609162,0.13882023,-0.16359936,0.052882582,-0.2531141,0.50595134,0.112044424,-0.035817586,-0.07108814,0.010294268,0.035581384,-0.18278673,0.43156362,-0.21846427,0.15077925,0.14552075,0.21672373,-0.18826036,-1.08039796e-32,-0.46643418,-0.053864636,-0.21603826,-0.0090434635,0.037084788,-0.07041152,0.055993695,0.14042081,-0.0027997473,-0.15139166,-0.037464038,0.23267949,-0.36218333,-0.0053457944,-0.050289944,-0.14229316,0.18889788,0.0622875,0.009601368,0.20913872,-0.1283573,0.022173814,-0.1450099,0.08235762,0.1595318,0.31116262,-0.040384192,-0.012034244,0.17385215,0.24499999,-0.06489211,0.06278582,-0.004496905,0.19615223,0.10051364,0.036063474,0.11308841,-0.09106592,0.033957936,-0.030093247,0.08001347,0.06306442,-0.030715765,-0.1104018,0.08710481,0.22469355,-0.23650628,-0.0515474,-0.008191469,0.112935245,-0.32813895,-0.16907768,0.15125474,0.45091686,-0.3017398,0.079022534,0.38068846,0.23932602,-0.09899568,0.057402294,0.13212708,0.1983352,-0.12668571,-0.22388949,0.3136707,0.08475704,0.20548318,0.009195864,0.27794126,-0.04766619,0.08628004,-0.24056746,-0.09339279,-0.13128172,0.01182408,0.12752813,-0.14479834,-0.04349304,-0.20137818,-0.1554173,0.183692,0.009869686,-0.026025772,0.14822394,-0.014024298,-0.11245293,0.2414528,0.017027415,-0.09485121,0.18739517,-0.25067258,-0.19842052,-0.47548792,0.3400885,-0.17977539,-9.825524e-08,-0.042685557,-0.10349228,-0.10975916,-0.07919272,0.223173,-0.25296003,0.025157347,0.12450995,-0.1354842,0.08194504,0.12455296,-0.11270594,0.084078796,-0.12839353,-0.045579433,-0.16870701,-0.25513175,-0.13526572,-0.18109678,-0.053677466,-0.023568314,-5.134171e-05,-0.09264132,-0.043073587,0.017009066,-0.18671438,0.025169112,0.06910909,0.1297379,-0.1074879,-0.2503115,0.10629246,0.05895397,0.027058128,-0.16104503,0.12783241,0.10381521,-0.19725937,0.07564725,0.20608632,-0.14412008,-0.0038953305,-0.05898172,-0.095311,0.11669633,0.0016707225,-0.29920778,0.18673705,0.10548966,0.020726861,-0.09627892,-0.09733637,0.1244115,0.048808817,0.16459766,-0.23054266,0.032391857,0.16324626,0.0797353,-0.04908003,0.07412654,-0.17448439,0.0983013,-0.1292666]"
"23fd9eb1-28cf-4eab-b449-618117a23d2b"	"Issue: EUR/USD 3-month forward contracts failed to book spot fixing rates from Refinitiv tick stream, leaving contracts in 'PENDING_FIXING' state.
Root Cause: The socket listener IP configuration on the market data feed adapter lost its heartbeat following a firewall rule update, preventing the booking of spot fixing rates."	"{""status"": ""RESOLVED"", ""rationale"": ""The email thread details a swift and successful resolution of two distinct issues raised by Carlos Mendoza from Payment Switch Ops. In Turn 1, Carlos reports a critical P1 issue with EUR/USD forward contracts stuck in 'PENDING_FIXING' and a secondary issue regarding incorrect repo haircuts for French sovereign OATs. In Turn 2, Tara Deshmukh from L3 Support acknowledges the ticket (BNK-2026004) and begins investigation. In Turn 3, Tara provides the root cause and resolution for both issues: she corrected a socket listener IP configuration on the market data feed adapter (which failed post-firewall update) and manually overrode the rates for the 14 affected trades, and updated the repo collateral haircut master table. In Turn 4, Carlos confirms successful verification of both fixes and authorizes closing the ticket, expressing satisfaction with the quick turnaround."", ""confidence"": 1.0, ""original_issue"": ""EUR/USD 3-month forward contracts failed to book spot fixing rates from Refinitiv tick stream, leaving contracts in 'PENDING_FIXING' state."", ""resolution_steps"": ""Fixed the socket listener IP configuration on the market data feed adapter and pushed a manual fixing rate override across all 14 affected forward trades."", ""customer_sentiment"": ""SATISFIED""}"	"[-0.11409316,-0.16909066,0.029407667,0.0020051133,-0.030817516,-0.09389232,-0.35061815,-0.08566427,-0.037515353,0.1653151,-0.026805596,-0.005285862,-0.11749609,0.036670852,0.052989192,-0.044212893,-0.19619264,-0.09198753,0.109361604,-0.0369787,-0.41711822,0.1045355,-0.115787566,0.04026245,0.0022845147,-0.021455644,-0.05864469,-0.02315741,0.00040814842,-0.043422166,-0.15288487,0.035534408,-0.20469584,-0.012146146,-0.039785746,-0.022315355,-0.15032881,-0.116430625,-0.047475085,0.12871507,0.3070355,-0.05032134,-0.013318669,-0.03947311,0.18122932,0.24748906,0.21277224,0.07972253,0.010974627,0.03848965,-0.003715637,0.031090705,-0.04348791,0.11924417,0.067429334,0.048802745,0.036168527,0.22406192,0.07970474,0.13440484,0.32799783,-0.056999862,-0.1188021,-0.16729146,-0.14600363,-0.014377525,-0.027337749,0.053801063,-0.033797495,0.07217257,0.051194012,0.008793935,0.015452727,-0.11018462,0.10989877,0.26232162,-0.046120197,-0.1213392,0.1518332,-0.24590589,-0.09781595,-0.26371738,-0.031110128,0.03726095,0.24617107,-0.18060908,0.16332158,-0.23819765,0.13349332,-0.05953567,0.15933871,0.061628148,0.08206988,0.12527613,0.11401642,0.22571161,-0.013056089,0.24401145,-0.026872462,-0.04909159,0.12809937,0.21205842,-0.25219667,0.25366575,-0.06492366,-0.06346834,-0.09650775,0.23550202,-0.05349547,0.20566902,-0.16142134,-0.031803258,0.06691473,-0.17497373,-0.15029384,0.07281344,-0.22235027,-0.31974566,0.13701463,-0.08852639,-0.010085704,0.19277169,-0.1710611,0.027081836,0.16140254,-0.06388812,0.32127133,1.0271135e-32,-0.14701451,0.03732845,-0.14029138,-0.3457849,0.10624901,0.15442291,-0.024536822,0.16598485,0.0013568911,0.1145554,0.05359964,0.07094169,0.06281919,-0.049911395,-0.053197388,-0.1615686,0.20102942,0.08544936,-0.017940331,0.0072708423,0.064445786,-0.24297455,-0.021388043,-0.18741821,-0.1551917,0.44239667,-0.0038295044,0.09587858,0.30627513,-0.008348304,0.004683632,-0.028983962,0.19907816,-0.0021280095,-0.12069814,-0.009110191,0.042234078,-0.12506546,-0.17099392,-0.004703364,-0.025923308,0.20619425,-0.3131524,0.15652765,0.14373074,-0.006700179,-0.051841117,-0.07115312,0.022456786,0.04326916,-0.162848,0.067894325,-0.132036,-0.07624013,0.10088389,0.045819562,-0.058645844,0.019897087,-0.19665985,0.07761163,0.10040497,0.05569525,0.035647437,-0.02615944,-0.046070922,0.15362251,0.055307716,0.08011999,-0.16144077,0.04627185,0.0008325957,0.19343518,0.17267002,0.14082704,-0.05598075,-0.14915875,-0.0018845036,0.080699,-0.14962907,-0.2597661,-0.1070745,-0.1599097,0.19403034,0.30451185,-0.1822043,-0.018643362,0.028090077,0.25064498,0.19606493,0.18561791,0.06435682,-0.034048818,0.03587916,0.06619117,0.0029056228,-8.724987e-33,-0.23764533,0.06190139,-0.2538989,0.18358205,-0.050158523,-0.17704976,-0.058222473,0.30046782,0.3765194,0.06519496,-0.10188299,-0.2384042,0.047232796,0.08935386,-0.21118575,-0.0077578556,-0.2083065,0.09191311,-0.03256792,0.11402263,0.11191184,-0.0168877,-0.029794393,0.1804386,-0.03498191,0.21800692,0.1209175,-0.06407571,-0.22300318,-0.002794345,0.022962017,-0.08215145,-0.086380206,-0.038909182,-0.019362632,0.13186918,-0.07967511,-0.030725058,0.029474013,0.06263599,0.24652144,0.09808919,-0.11031465,-0.015469482,0.16429473,-0.03354034,0.0006502141,0.07725893,-0.034505397,0.0033057786,-0.021438504,-0.18632534,0.15218224,-0.024824858,-0.16112047,0.20430927,0.25590724,-0.006016757,0.05924343,0.05595391,0.1670023,-0.074630015,0.13962008,-0.12823647,0.2633745,0.06281139,0.1477416,0.00476887,0.35265523,0.091453046,0.33338317,0.12492932,-0.038236253,0.020542791,0.08591703,0.27747437,-0.25237146,0.10860439,-0.051992904,0.1905189,-0.07887777,0.11619597,0.083335645,-0.04873145,0.1922434,0.116077535,0.014832939,-0.10283236,-0.14870939,-0.28088018,-0.15748343,-0.12924933,-0.10504727,0.17940712,-0.034073222,-9.879029e-08,-0.1845782,-0.04108972,-0.21926303,0.112548254,0.08827065,-0.1213461,-1.1691149e-05,0.16010147,-0.054059237,0.08361543,-0.08448453,-0.2072015,-0.15875745,-0.11551567,0.10751548,-0.21998869,-0.08299821,0.049806025,-0.20434403,-0.1428185,-0.045199066,0.21534258,0.032783102,-0.29918054,-0.029699322,-0.06450259,0.27888784,0.2756665,-0.08056321,-0.26745576,-0.030421019,-0.11262072,0.3301245,-0.05197681,-0.10669341,-0.05690261,0.009455028,0.14727697,-0.17372577,0.07701674,-0.2138517,0.04871929,-0.16625905,-0.14690897,-0.022725785,0.017517982,-0.063782305,0.16514109,0.13075583,-0.24461794,-0.020460311,-0.03270593,0.055292368,-0.1552856,0.325624,-0.18626212,-0.19985676,0.015345036,-0.2046183,0.0060993233,-0.3033704,-0.18850635,-0.16539696,0.029092347]"
"9f8abb01-ae89-49d1-8cbb-8d53398cbc5b"	"Issue: Overnight repo haircuts for French sovereign OATs were incorrectly calculated at 2.5% instead of 1.5%.
Root Cause: Outdated or incorrect haircut rate configuration in the repo collateral haircut master table for the specific ISIN."	"{""status"": ""RESOLVED"", ""rationale"": ""The email thread details a swift and successful resolution of two distinct issues raised by Carlos Mendoza from Payment Switch Ops. In Turn 1, Carlos reports a critical P1 issue with EUR/USD forward contracts stuck in 'PENDING_FIXING' and a secondary issue regarding incorrect repo haircuts for French sovereign OATs. In Turn 2, Tara Deshmukh from L3 Support acknowledges the ticket (BNK-2026004) and begins investigation. In Turn 3, Tara provides the root cause and resolution for both issues: she corrected a socket listener IP configuration on the market data feed adapter (which failed post-firewall update) and manually overrode the rates for the 14 affected trades, and updated the repo collateral haircut master table. In Turn 4, Carlos confirms successful verification of both fixes and authorizes closing the ticket, expressing satisfaction with the quick turnaround."", ""confidence"": 1.0, ""original_issue"": ""Overnight repo haircuts for French sovereign OATs were incorrectly calculated at 2.5% instead of 1.5%."", ""resolution_steps"": ""Updated the repo collateral haircut master table for ISIN FR001400... to the correct rate."", ""customer_sentiment"": ""SATISFIED""}"	"[0.032921117,-0.04775713,0.12790199,-0.048294656,0.14475095,-0.3771229,-0.034568787,0.10813362,0.122668214,0.059559867,0.2264411,-0.001590602,-0.24279125,0.016513573,-0.12881975,0.06893318,0.10240878,0.0007062641,-0.2863015,-0.09605674,-0.049550816,-0.13991167,0.28385165,0.21073374,0.4333747,-0.44939318,-0.23820652,0.12724976,0.001570266,-0.3624947,0.12046243,0.2620087,-0.124557324,-0.36970922,0.11020903,-0.11243818,0.27201238,-0.3462825,-0.14459737,0.1239624,0.23469268,-0.016488377,-0.19483246,0.012528209,0.05394739,0.15567769,0.101875946,0.09639553,-0.15720007,0.30231538,-0.07863279,-0.090125345,-0.07287687,-0.21285154,-0.3565166,0.1650354,-0.036843862,0.2071044,0.28304413,0.04275993,0.06282615,0.06997111,0.07975497,-0.0001965046,-0.028112952,0.03231111,-0.15807216,-0.11657894,-0.13945696,-0.11299776,0.05415776,-0.08459709,0.10673177,0.023684312,-0.024381481,0.13101722,0.012016431,0.08625905,0.23863101,-0.18660836,-0.009749352,-0.3080693,0.08114241,-0.014574857,0.15834402,-0.022477757,0.26039317,0.05183428,0.31520241,-0.014097268,0.17577402,-0.17468537,0.45569268,0.043313447,0.3730418,-0.0798086,-0.06545622,0.003491903,0.09434789,0.14489071,-0.042491686,-0.008452732,-0.009671933,0.11016333,-0.03646561,0.1909064,-0.02415149,0.043907747,-0.022698892,0.07004463,0.24833274,-0.11912991,0.21704894,-0.14719327,-0.005564025,0.15103988,0.0034904308,-0.26116842,-0.1705265,-0.13169406,-0.109595835,0.1020158,-0.21970275,-0.20291965,-0.25953153,0.27871448,0.076445684,1.4555106e-32,0.03503093,0.21033235,0.19665605,-0.32451487,0.04056638,-0.06421764,-0.16683576,0.11610916,-0.062838405,-0.08571122,-0.2512217,-0.089273915,-0.052310936,-0.043079026,-0.074254364,-0.105011836,0.16234978,0.36727795,-0.020228317,0.20063832,-0.18173045,0.029746298,-0.10842188,-0.14539003,-0.055106174,0.26744744,0.12865223,-0.06735234,-0.19971046,-0.07678664,0.3772896,-0.108236015,0.21373037,0.19202101,-0.13970104,0.03747847,0.31853774,-0.15864122,-0.012034376,-0.11336369,-0.08230919,0.31811336,0.034249946,-0.008811368,-0.12137515,-0.10893907,0.060663827,0.04573054,0.13311642,0.35945284,-0.113522954,0.2360131,-0.028360099,0.0010282332,-0.13366036,-0.09669218,-0.2294184,0.10358126,0.19090664,-0.072117686,0.063907556,0.062473238,-0.051853158,-0.24669987,-0.35259548,0.25115898,-0.09359541,0.18932767,-0.020440655,0.11601253,-0.21207146,0.10769322,-0.021658033,-0.12035638,0.061655223,-0.013042829,0.081675045,0.12381966,-0.098172136,-0.12347136,0.2122258,0.19370347,0.030102596,0.043451577,-0.22143908,0.057760905,-0.04142836,0.25069627,0.07110085,0.54215354,0.20490041,-0.23831312,0.18943189,0.22469464,-0.08650358,-9.990933e-33,-0.16740428,-0.05628637,-0.06326513,0.36711583,0.08733356,0.086224146,-0.07522467,-0.0148352515,-0.050000746,-0.15335625,0.0650999,-0.0018362877,-0.06515169,-0.08399464,0.11549382,0.017993154,-0.009092389,0.2682652,0.13489838,-0.015045651,0.05984495,0.0068869027,-0.17893036,0.21010002,-0.10652507,0.43491533,-0.050684407,-0.5185459,-0.0073798997,0.0139006255,0.006259411,-0.12617016,-0.3616929,0.117449716,-0.09958418,0.009604021,-0.33211282,0.06111717,-0.019047733,0.1379934,-0.2808863,-0.20421293,0.029258355,-0.033171445,-0.09190512,-0.13796781,-0.006206225,-0.012131087,0.042031955,0.109720744,0.07386481,0.043224026,0.12698175,0.0455902,0.053055,0.12158962,-0.0019944778,-0.11037393,-0.41605118,0.24479957,0.087352574,0.11976759,-0.055795334,-0.08008123,0.09911798,-0.07486229,-0.20832995,-0.022482576,0.12965739,-0.115341045,0.05327827,0.05880533,0.09785458,-0.14251052,0.12709913,0.072452106,-0.06529056,0.09532084,0.03620111,0.21608967,-0.28863063,-0.09943205,0.25725764,-0.011055647,-0.12570202,0.05697525,0.040267088,0.16881141,0.21280164,0.087167844,-0.19496636,-0.16309132,-0.11649033,0.1884336,0.30394045,-9.883956e-08,0.14326866,-0.113794394,0.0016821678,0.28848562,-0.112952754,-0.086103454,0.0038683068,0.12310097,-0.1859407,0.09941298,0.0066766925,0.17395166,-0.15767708,-0.22097313,-0.26817086,-0.3504303,-0.051298004,0.30762675,-0.15347551,0.022731146,-0.19037187,0.07133139,-0.045246273,-0.2297087,-0.010195349,-0.09082508,-0.0022130988,0.63161045,-0.04013311,-0.019361647,0.1546644,-0.06908363,-0.0836818,-0.39985198,-0.11053772,-0.08026284,0.020160515,0.18188314,0.18056273,-0.17177084,-0.17932792,-0.23350438,0.1397036,-0.00905312,-0.16063991,0.09826823,0.11874349,-0.07694585,-0.11666569,-0.11078782,0.11203173,-0.10808991,-0.13939722,0.09090086,0.08691245,-0.19725206,0.06743937,-0.08958196,0.03450109,-0.18129763,0.1945499,-0.44000703,-0.11504953,-0.16172017]"
"51b6b63b-efdd-4300-af67-16eac34af79e"	"Issue: Daily mark-to-market variation margin calculation discrepancy of $4,820,000 with JP Morgan on interest rate swap portfolio.
Root Cause: The discount curve configuration for SOFR discounting was incorrectly set to 30/360 day-count convention instead of Actual/360 in the Calypso engine."	"{""status"": ""RESOLVED"", ""rationale"": ""The email thread traces a high-priority production issue reported by Marcus Vance. In Turn 1, Marcus reports two distinct issues: a $4.82M variation margin discrepancy on an interest rate swap portfolio and duplicate entries in a collateral asset rehypothecation report. In Turn 2, Mei Ling Zhou registers the incident (BNK-2026005) and begins diagnostics. In Turn 3, Mei Ling Zhou provides the root causes and resolutions for both issues: correcting the SOFR discount curve configuration in the Calypso engine and fixing a primary key collision in the nightly ETL job. In Turn 4, Marcus Vance confirms that both issues are resolved, the balance sheets reconcile, and authorizes closing the ticket, expressing satisfaction with the quick turnaround."", ""confidence"": 1.0, ""original_issue"": ""Daily mark-to-market variation margin calculation discrepancy of $4,820,000 with JP Morgan on interest rate swap portfolio."", ""resolution_steps"": ""Corrected the SOFR discount curve configuration from 30/360 day-count convention to Actual/360 in the Calypso engine, and re-ran the EOD batch valuation."", ""customer_sentiment"": ""SATISFIED""}"	"[0.09880068,0.018836077,-0.10838768,0.13968673,-0.047680847,-0.2031326,-0.09492462,0.1794585,0.21678202,-0.1651865,0.0820985,-0.05179851,-0.06349422,0.07977827,0.18059477,-0.30182093,-0.16625163,0.046828277,-0.029952243,0.05633532,-0.29040992,-0.20549773,0.16879229,0.10232426,0.094733685,0.0047803433,-0.15287091,0.043766648,-0.06454826,-0.13920169,-0.16409631,0.2726145,-0.01996233,-0.16848409,0.1851626,-0.0113661485,-0.021597175,-0.05658417,0.05184736,0.06682617,-0.080380276,0.035760425,0.016872969,0.14493154,0.15436861,0.08662543,-0.14294255,0.1324999,0.14143002,0.13288832,-0.20005022,0.2721758,-0.05071546,-0.19903514,-0.15175128,0.21496853,-0.16285771,0.09221692,0.22965911,-0.027686678,0.05995559,-0.052302435,0.07229231,0.019104362,0.022902299,0.07979365,-0.025119971,-0.22313198,0.052380484,0.017737301,-0.034199305,0.18144949,0.06439934,0.056553103,-0.0013032806,-0.03300914,0.020031348,0.11676067,0.2001207,-0.26725435,0.13601317,-0.12222271,-0.14382683,-0.055368498,0.20491368,-0.04176198,0.26120442,-0.0154471025,0.25921947,0.087357946,0.2871958,0.048936993,-0.07769689,0.057694484,-0.3768411,-0.10128192,-0.11470392,0.271944,-0.017702825,0.12694891,0.14375985,-0.04328483,-0.083667,0.13839383,0.18398441,0.0754959,0.05951253,0.10166628,-0.06804546,-0.006948313,0.1595925,0.17219025,0.028055463,-0.044114783,-0.06537284,0.039422255,0.016086204,0.020781511,0.055345304,0.17426513,-0.026713822,0.01332671,-0.18255107,-0.09662899,-0.34216118,0.10512636,-0.01545341,1.2650638e-32,-0.11977475,0.017043564,0.22265787,-0.46696872,-0.09007258,-0.06283206,-0.08248365,0.047194567,-0.09257754,-0.010905785,0.18054959,-0.05892598,-0.18491744,-0.08827362,-0.035821278,-0.1171431,-0.17461132,0.01497755,0.052013908,0.05510883,0.076062456,-0.0021832257,-0.015953641,-0.09215026,-0.2191204,0.30633515,0.083199956,0.18239875,0.049083166,0.09811531,0.19833511,-0.3165235,0.085908614,-0.038385063,0.13787507,-0.06342289,0.28444725,-0.15515347,0.0030788183,0.07346982,-0.26445678,0.30654463,0.13279958,-0.14264305,-0.27377728,0.109867334,0.2512136,0.23137753,0.20838559,0.28662738,-0.36324343,-0.032174777,-0.0077122212,0.0880946,-0.02262792,-0.14260991,-0.048727155,0.031812906,0.036805466,0.21785563,0.11521505,-0.032403573,0.027100017,-0.2459663,-0.091615096,0.2705944,-0.15786704,0.094387166,-0.27647516,0.17663825,-0.067162186,0.029855076,0.05592764,0.065823175,0.07464939,-0.16952515,0.10734198,0.1349265,-0.00687348,-0.058108203,-0.06947747,0.31894484,0.19645423,0.0050184685,-0.14150225,0.18383141,0.05177167,0.09452351,-0.1544685,0.07273204,0.12494505,-0.10200552,0.2316632,0.090969354,0.004874091,-1.1301376e-32,-0.30024785,0.113746345,-0.08149167,0.08013699,-0.22914551,-0.045122858,0.1196346,0.06764561,-0.09498225,-0.025264028,0.1051563,0.019725053,-0.18917333,-0.067154095,-0.087279186,-0.052519903,0.086547315,0.0016666529,0.02975432,0.12225747,0.06657901,0.31108943,0.009683818,0.14805445,0.054339737,0.118149295,0.04786336,0.06552297,-0.060600925,-0.034117755,-0.083114795,-0.16656551,-0.077419,-0.20196635,-0.12076302,-0.21199039,-0.12601548,0.015811095,0.08807046,0.13487189,-0.15467843,-0.112681605,-0.086145364,-0.043004945,0.0742888,0.24800472,-0.0560026,0.03559308,0.37737048,0.2431914,-0.11235803,0.099640734,-0.19002305,0.16358718,-0.2532328,0.082486145,0.05168743,-0.044574764,-0.23459287,0.009513147,-0.11728423,0.079843804,0.0193851,-0.1449249,0.35534015,0.1195734,-0.041660603,-0.1903412,0.15015757,-0.11244721,-0.04437786,-0.12670863,0.08559354,-0.124972075,-0.03216687,0.13772313,-0.111034505,0.08200235,0.13661562,0.19400933,-0.12631768,0.09981041,0.09562248,0.12694936,-0.16713583,-0.04098351,-0.11580223,-0.070254356,-0.23597698,0.28884766,0.0034751277,-0.14830773,0.12835392,0.15204833,0.034646254,-9.93187e-08,-0.07297521,-0.1012702,-0.10198579,0.107953876,-0.21104008,-0.15660225,-0.069457695,-0.09406802,-0.08089887,0.115637615,0.28282973,0.11005592,-0.20610888,0.044330895,-0.27232343,-0.23338506,-0.16112362,0.21196696,-0.109093875,-0.16706139,0.005625412,-0.05975724,0.017193196,-0.23131607,0.03464551,0.11418049,-0.024383573,0.30478704,0.11010189,-0.36885673,-0.02731961,-0.32634875,0.12681252,-0.09167426,-0.0698749,0.010559547,-0.3705481,0.057936937,0.043931466,0.20455034,-0.086826235,-0.24052401,-0.12555882,0.17388335,0.16445376,0.12769881,-0.01728981,0.04746796,0.050852034,-0.0687425,0.11519149,-0.05777694,-0.14324385,-0.04123971,0.14853124,-0.03412363,-0.05290238,-0.010689285,-0.22874981,0.15868546,-0.104301885,-0.32704473,-0.33182502,-0.17325719]"
"b7c74bcd-d609-4846-be72-cefac6925c9a"	"Issue: Collateral asset rehypothecation report showing duplicate entries for US Treasury Bill Cusip 912797...
Root Cause: A primary key collision occurred in the nightly ETL job, leading to duplicate entries in the collateral asset rehypothecation report."	"{""status"": ""RESOLVED"", ""rationale"": ""The email thread traces a high-priority production issue reported by Marcus Vance. In Turn 1, Marcus reports two distinct issues: a $4.82M variation margin discrepancy on an interest rate swap portfolio and duplicate entries in a collateral asset rehypothecation report. In Turn 2, Mei Ling Zhou registers the incident (BNK-2026005) and begins diagnostics. In Turn 3, Mei Ling Zhou provides the root causes and resolutions for both issues: correcting the SOFR discount curve configuration in the Calypso engine and fixing a primary key collision in the nightly ETL job. In Turn 4, Marcus Vance confirms that both issues are resolved, the balance sheets reconcile, and authorizes closing the ticket, expressing satisfaction with the quick turnaround."", ""confidence"": 1.0, ""original_issue"": ""Collateral asset rehypothecation report showing duplicate entries for US Treasury Bill Cusip 912797..."", ""resolution_steps"": ""Resolved the primary key collision in the nightly ETL job to eliminate the duplicate Cusip entries."", ""customer_sentiment"": ""SATISFIED""}"	"[-0.17234476,0.08709658,0.06685446,-0.14188349,-0.06368888,-0.20799339,-0.02140925,0.040199053,0.25878027,-0.11785653,0.045999326,-0.0030989344,0.15763904,-0.18808609,-0.08439443,-0.20648791,-0.27515155,-0.08482229,-0.013428973,0.10202407,0.047747586,0.054739553,-0.05815055,0.007498347,0.10765823,0.11883391,0.001620179,0.2097798,-0.1427292,-0.41013387,0.0960911,0.16088916,-0.41337594,0.12647545,0.23917077,0.34287086,-0.06374881,-0.017989121,0.089558855,-0.24091293,0.06164516,-0.3418945,0.11514199,-0.09416222,-0.05002406,0.12664191,-0.083825275,0.23563647,0.12790129,0.16286907,0.037512682,0.032199286,0.09963114,0.35662916,0.27140096,0.14516261,-0.07867381,0.036398824,0.03970358,0.09204016,0.18508972,0.22826679,-0.083258525,0.10090764,0.1782894,0.2645037,0.06282276,-0.047488436,0.01750717,-0.051432908,0.5041532,-0.018063765,-0.21667907,-0.0002400471,0.11996148,0.07545701,0.0003732074,-0.025894593,-0.051309828,-0.24808526,-0.08606251,-0.03843855,-0.097354695,-0.15714447,0.30067265,-0.20443463,0.015340333,-0.11257199,0.2290247,-0.096081614,0.1739733,-0.1285744,0.38973224,-0.037417524,0.16912632,0.13201699,-0.18296045,-0.08015735,0.0052229622,0.096919574,0.07705091,0.14921665,0.057515193,0.3193225,-0.026340837,0.014222757,-0.04652197,0.045638733,-0.23820508,-0.22881076,0.21954136,0.022562508,0.19057812,0.03889887,0.0221038,0.0980967,-0.24119744,0.082287975,-0.10453659,-0.13818698,0.0865935,-0.082409345,-0.3497954,0.029087853,-0.10385331,-0.09442166,-0.025291257,1.07781716e-32,-0.24688697,0.076589584,0.03743189,-0.24964502,0.10335115,0.07981436,-0.1309794,0.10247411,-0.15653525,-0.11034126,-0.111333296,-0.017644517,-0.04631147,0.057793293,-0.46387562,-0.08687828,-0.0034564955,0.43175212,-0.11301,0.0462555,0.023833772,0.13107269,0.108816095,-0.25206515,-0.1335426,0.10654852,0.011040069,-0.09080193,0.15938413,0.053167924,0.048593596,0.1496249,0.34113303,0.30937365,0.011400242,0.16169746,0.22949646,-0.09075243,-0.025721718,-0.0543745,0.09199654,0.32484865,-0.20842044,-0.09557163,0.09141573,-0.012457272,-0.0076899366,0.21955194,0.0767116,-0.046831746,0.08012553,0.24286704,-0.024717618,-0.05692944,-0.37849322,-0.2899369,-0.15122485,-0.18964124,-0.07269798,0.112676986,0.09142021,0.1695602,-0.11208374,-0.017514305,-0.11434177,-0.013682061,0.22188844,0.27735418,-0.036768872,-0.01134733,-0.09829589,0.074523844,-0.007878587,-0.061311677,0.15836118,-0.23170102,0.13991348,0.14305326,0.03089614,0.027390884,-0.2624953,-0.035340786,0.18910788,-0.013415997,-0.12279809,0.086070634,-0.15192658,-0.29304826,0.16645597,0.11928404,0.17674828,0.11384054,-0.018808812,0.14467625,0.12716793,-1.122689e-32,-0.19154403,-0.07701832,0.063615374,-0.055709753,-0.0054714256,-0.08644737,-0.034696504,-0.03225079,-0.34075522,-0.07037813,0.2897723,-0.21444799,-0.12849274,-0.17540608,0.18167265,0.041602723,0.09141654,0.16439527,-0.22025599,0.03276111,-0.075270295,-0.029594373,0.14131042,0.11659591,0.025110312,0.25879017,-0.15165226,-0.1356119,0.15537274,-0.09602891,0.065119036,0.016856225,-0.2700661,0.07409431,0.009503169,0.06853713,0.09845888,-0.17676054,0.030974144,0.085335486,0.24255128,0.18168004,0.04118651,-0.012457382,-0.13525389,-0.070878066,0.0811547,0.15467407,0.01924946,-0.18732378,0.12127651,0.16367729,-0.2509042,-0.13417618,-0.08974409,0.25066164,0.3394079,0.13593726,-0.048778534,-0.12223809,0.05618903,0.2255888,-0.10459978,0.10368713,0.32685754,-0.21383007,-0.03265465,-0.014915962,-0.066858746,0.05367703,-0.098445736,0.003532097,-0.07118912,-0.2365089,0.17072326,0.12575889,-0.12086508,-0.2399828,-0.1685569,-0.0042934115,0.00751794,0.030351019,0.05041307,4.7291236e-05,-0.19715926,0.1257085,0.09032418,-0.040483702,0.022281744,0.17970291,-0.2915725,-0.14096446,-0.33664367,0.32542527,0.25862384,-9.853311e-08,-0.024051633,0.1260029,-0.3005713,-0.10249485,0.15986982,-0.37654185,-0.015925376,0.1954741,-0.09382764,-0.035113037,0.014900933,-0.092158034,-0.19952542,-0.3889915,-0.13962443,-0.21205622,-0.27690858,-0.1199711,-0.2049307,-0.35664427,0.18269074,0.024347974,0.061694544,-0.069674365,-0.18581723,0.03344516,-0.0025406252,0.4107221,0.10065821,-0.16901085,-0.14481391,-0.0957723,0.063251816,-0.29654083,0.13445991,0.13689129,0.09674251,0.29085773,-0.09604842,-0.13904692,-0.19891696,-0.120221004,0.08875685,0.15321615,0.015869787,0.005896373,-0.13067448,-0.010612144,0.26307252,-0.0830398,-0.23214373,-0.2938707,0.30397743,-0.00312715,0.027993646,0.045875486,-0.25563017,0.038449246,0.102866486,-0.088931404,0.28165147,-0.15581748,-0.058960073,0.14342278]"
"a309ffcf-cc4e-4dd5-b62e-17ed779b35f4"	"Issue: End-of-Day (EOD) financial close batch failed at Step 48 (Multi-Currency Account Sweep) due to database lock error (ORA-00054).
Root Cause: Database lock contention (ORA-00054: resource busy and acquire with NOWAIT specified) occurred during the Multi-Currency Account Sweep. The exact root cause could not be determined because the customer did not provide logs and the ticket was abandoned."	"{""status"": ""UNRESOLVED"", ""rationale"": ""In Turn 1, Priya Nair reports a critical P1 issue regarding a failed EOD financial close batch (Step 48) due to a database lock (ORA-00054) and a secondary issue where five accounts bypassed the automated hard-stop stop-payment rule. In Turn 2, Kavita Patel acknowledges the issue, opens ticket BNK-2026006, and begins initial diagnostics. In Turn 3, the support team notes that the batch job cleared itself after 4 hours, but because the customer failed to provide logs or respond to follow-up attempts within the 72-hour SLA window, the ticket was auto-closed as abandoned. Consequently, both issues remain unresolved from a root-cause perspective."", ""confidence"": 0.95, ""original_issue"": ""End-of-Day (EOD) financial close batch failed at Step 48 (Multi-Currency Account Sweep) due to database lock error (ORA-00054)."", ""resolution_steps"": ""Opened P1-High ticket BNK-2026006. Analyzed transaction telemetry, gateway event journals, and microservice logs. Attempted to contact the customer via phone and email to collect network captures and logs. The job eventually cleared itself, and the ticket was closed due to customer non-responsiveness."", ""customer_sentiment"": ""NEUTRAL""}"	"[0.015189717,0.08168585,-0.20984344,-0.11048646,-0.065663114,-0.12999411,0.19014773,0.051622666,-0.039397113,0.23008394,0.29322672,-0.15694447,-0.17023177,-0.021577336,0.11706282,0.08362312,-0.28673926,-0.07110336,-0.31866235,0.056808244,0.0009592387,-0.022287602,-0.16147943,0.112100415,-0.15836826,0.2031445,0.021256112,-0.006688213,-0.08815371,-0.1409956,-0.04099407,-0.016896365,-0.2409749,-0.0764079,0.33572102,0.010475529,-0.01325142,0.05114021,0.08998959,-0.27116254,0.08838883,-0.017080989,-0.082737185,-0.021923304,0.1115626,-0.081715286,-0.13077696,0.11120461,0.0511322,0.02334464,-0.0300901,0.04400196,0.19746059,-0.03320719,0.061151396,0.22759019,0.42162782,-0.027183464,-0.047269918,0.10425115,-0.015898963,0.007511967,0.017704476,0.031057298,0.07342117,0.05600428,0.03925313,-0.2962024,-0.023358583,0.037826363,0.026855407,-0.15501913,-0.32867408,0.05416547,0.07524379,0.21350898,0.2482799,0.021584539,-0.130663,0.0011111972,-0.046488445,-0.15480076,0.015401197,-0.22663753,0.15513651,0.048561152,-0.000765521,-0.15024953,0.3254521,-0.068231285,0.14607196,0.11054301,0.18300532,0.0035023275,0.11268359,-0.09618078,-0.02187026,0.06253314,0.008322089,-0.07811885,0.11558884,0.18910588,-0.05710242,0.04365106,-0.075628296,0.1611469,0.27311945,-0.06439982,-0.1738522,-0.17998713,-0.015883228,0.07210203,0.20809042,-0.05610827,-0.003364746,0.16845372,-0.18629108,-0.09301073,0.020599784,0.14649163,0.005062676,0.057785198,-0.24606793,-0.06412683,-0.14944296,0.06343579,0.063001625,1.7129171e-33,-0.16477107,-0.24417086,-0.18888666,-0.118336156,0.102699585,0.3053611,-0.12593296,-0.12834793,-0.1535722,0.019049864,0.0060387696,-0.16339023,0.032631736,-0.35613772,-0.056904603,-0.20714323,0.18457885,0.101593144,0.1767486,0.121865906,0.32125404,-0.11115588,0.124347664,-0.14262696,0.028439714,0.25204885,0.10570351,-0.2597324,0.3194414,0.07783374,0.10723267,-0.15152724,-0.012044435,0.22184078,-0.033119943,-0.029954182,0.104941495,-0.03775954,-0.04541603,-0.05118889,-0.273262,0.20891747,-0.17536674,-0.01794479,-0.00268323,0.0099333525,0.05627274,0.28456262,0.013400354,0.3015565,-0.2157177,-0.15595292,-0.16262479,-0.10114093,-0.018741056,-0.04575096,-0.050176606,-0.019747598,0.013590836,-0.062076215,0.10517314,0.148033,-0.049542606,-0.20031935,-0.04534833,0.0067889113,0.15256673,-0.05998203,-0.15713987,0.050382446,-0.13992113,-0.049053296,0.10697771,0.019994108,-0.10689387,-0.12483077,0.15057097,0.18188423,0.16094913,0.09254916,0.22780892,-0.08050167,-0.14315164,-0.22330786,-0.12663002,0.1669481,-0.2287765,0.17502967,-0.035004284,0.076903455,0.03745479,0.11547591,0.19208348,0.1976041,0.11093869,-5.411328e-33,-0.08009952,-0.09736343,0.15384638,0.17050423,0.13731152,0.043530095,-0.077441685,-0.023368204,-0.22286926,-0.058334682,-0.08169202,0.15821382,0.04347389,0.08962879,0.105912976,-0.021222675,0.2487035,0.13873784,0.08243451,0.16239396,0.03451048,-0.028128201,-0.17587726,0.2310858,-0.106746964,0.21907681,-0.23273145,-0.25843966,0.060574822,0.03189782,0.12774363,-0.21119043,0.07029425,0.37088874,0.07469066,-0.17443928,0.06037032,-0.12450624,0.03302362,0.04055659,-0.057356756,0.089334115,0.007908279,-0.2754673,-0.13443738,0.06913431,-0.06409594,0.22286095,-0.14154828,-0.100565776,-0.14686836,-0.13560249,0.02337385,0.108172,-0.00796859,0.07064889,0.3592866,-0.18416981,-0.23791628,-0.27085677,0.021628587,0.08934809,0.06353483,0.106989115,0.30000836,0.09842143,0.08252656,-0.116581134,-0.040053602,-0.120072454,-0.074822545,-0.025140345,0.15959956,0.13459137,-0.04481502,0.18620612,-0.31787482,-0.28521544,0.091361925,0.11605047,-0.15255035,0.13453817,-0.073856734,0.07845344,-0.03957203,0.089201674,-0.06235753,-0.10896301,0.05137424,-0.10649954,-0.059493884,-0.16277455,-0.11770866,0.19494238,0.18213159,-9.8512075e-08,0.07639939,-0.21229407,0.23626432,0.13770483,0.14924581,-0.3147423,0.059021555,0.12260759,0.003898868,0.26680908,0.097363465,0.12994367,-0.15154052,0.13685961,-0.1714339,-0.37231296,0.007652203,0.05064389,0.14990214,-0.056974493,0.059904005,-0.23056953,0.11537432,-0.19352835,-0.16531959,0.032279123,0.24479538,0.1872752,0.08827421,-0.36493355,-0.29429847,-0.25442547,0.11956584,-0.13822576,-0.23576736,0.25956473,0.12463836,0.03260057,-0.018013854,-0.09342039,-0.12558027,0.04957799,0.20811678,-0.051906753,0.103019685,0.14379238,-0.17009063,0.1336773,0.0032078223,-0.13436185,-0.16638905,-0.17723867,0.14861545,0.35732967,-0.0912389,0.03262535,-0.24596366,-0.08767671,0.086401805,0.050684847,0.056210015,-0.28384027,-0.31331044,-0.076822]"
"3e64f78f-28b5-4853-983a-7e00651dd082"	"Issue: Five corporate multi-currency checking accounts had negative unapproved balances, bypassing the automated hard-stop stop-payment rule.
Root Cause: Undetermined. The investigation was cut short and the ticket was abandoned due to lack of customer response."	"{""status"": ""UNRESOLVED"", ""rationale"": ""In Turn 1, Priya Nair reports a critical P1 issue regarding a failed EOD financial close batch (Step 48) due to a database lock (ORA-00054) and a secondary issue where five accounts bypassed the automated hard-stop stop-payment rule. In Turn 2, Kavita Patel acknowledges the issue, opens ticket BNK-2026006, and begins initial diagnostics. In Turn 3, the support team notes that the batch job cleared itself after 4 hours, but because the customer failed to provide logs or respond to follow-up attempts within the 72-hour SLA window, the ticket was auto-closed as abandoned. Consequently, both issues remain unresolved from a root-cause perspective."", ""confidence"": 0.95, ""original_issue"": ""Five corporate multi-currency checking accounts had negative unapproved balances, bypassing the automated hard-stop stop-payment rule."", ""resolution_steps"": ""Logged under ticket BNK-2026006. No specific diagnostic or resolution actions were performed for this secondary issue before the ticket was auto-closed due to customer non-responsiveness."", ""customer_sentiment"": ""NEUTRAL""}"	"[0.003788313,0.07756296,0.03440487,-0.11037192,0.15889971,-0.24505277,0.054550536,-0.1647322,0.037866827,0.20604084,0.18310453,-0.1674137,-0.019222302,0.066267684,-0.12874325,-0.22164044,-0.16054757,-0.16388467,-0.20689358,0.07374117,-0.13973747,-0.18669656,-0.1891821,0.058776308,-0.09516267,0.035774205,-0.07663362,-0.0731528,-0.029654875,-0.19596998,-0.13351735,0.30122772,-0.13398536,-0.057229847,0.08244238,-0.08633538,-0.0044277404,0.058521055,-0.036411066,-0.21232623,0.04386393,-0.082678854,0.030006744,-0.22190489,0.15125819,0.14095837,-0.13115609,0.06378847,0.14063574,0.08052695,0.14173424,-0.17792942,0.049199317,0.027551094,-0.14592037,-0.07746717,0.12655267,0.1350679,-0.030990645,-0.059942458,0.14051604,0.011987897,-0.14749417,-0.052467268,-0.046772268,0.21281475,-0.12829141,-0.2663754,-0.033512477,0.3849904,0.1901267,-0.26056114,-0.008264641,0.038446378,-0.037725773,0.19877581,0.10104594,-0.11542822,0.075007655,-0.10367999,-0.039033975,-0.21119392,-0.12419584,0.05762449,0.25974682,-0.13679427,-0.070759185,-0.11108949,0.1044126,0.016830284,0.1452471,0.18359156,0.39214092,-0.10807755,0.031641837,-0.11831346,0.009669508,0.15001804,0.01685922,0.013576266,0.2937845,0.17536047,0.018054288,0.15560567,0.1394114,0.012659846,0.27662635,0.030291883,0.13561532,-0.06061406,-0.16802618,0.11995596,0.20289896,-0.04464401,-0.14589441,0.28665116,0.0027486996,0.06911107,-0.16259183,-0.06036125,-0.03843813,0.19546007,-0.16702981,-0.03126203,-0.05805526,0.18162417,-0.039493024,7.95291e-34,-0.24464673,-0.17197558,0.037879553,-0.15360877,0.07683838,0.078086264,-0.3295103,0.13873288,-0.026471276,0.2687998,0.077936314,-0.002898676,0.13027708,-0.29277202,0.012603521,0.00086717604,0.024628958,0.06407441,0.06339833,0.21900249,0.06318732,-0.3169195,0.055390507,-0.12831965,-0.22388649,0.2402,-0.15719448,0.007868625,0.31507596,-0.043261167,-0.21490574,-0.041377828,0.35420254,0.19086754,0.113971986,0.02662536,0.15579893,0.02145547,-0.1456352,-0.053053606,-0.19400942,0.015024834,-0.046166282,-0.058601618,0.03316065,0.06251137,-0.13693607,-0.007062598,0.05689912,0.3018859,-0.25892022,0.115351446,-0.17604671,-0.07164938,-0.21755953,-0.0011200393,-0.12421412,0.21076007,-0.13724734,-0.035082474,0.089496724,0.05374136,-0.22026794,-0.033583306,-0.22406267,0.32056087,-0.022146577,0.019952955,-0.119490266,-0.011971002,-0.04340735,0.19592491,0.19365953,0.17226665,-0.021598497,0.050248448,-0.061501972,0.24634549,0.19294503,-0.0056607006,0.030697402,-0.056147836,0.22818416,0.018558854,0.01580452,0.2624578,-0.028067632,-0.06681474,-0.0027422209,0.008624531,0.012107007,-0.08035597,0.14051403,0.19250156,0.14875115,-4.7505125e-33,-0.26632127,-0.12734571,-0.26836255,-0.0757826,0.015759198,0.08338843,-0.042613808,-0.07505848,0.2038362,0.051956013,0.14486712,0.0110871615,-0.05638111,0.18639943,0.026527407,-0.13873251,0.15194541,-0.012637646,0.18125679,0.06312559,0.20022166,0.019958386,-0.10134058,0.13293226,-0.15017901,0.46081272,-0.043305926,-0.33745664,-0.14166066,0.27586403,0.1111944,0.026307402,0.035033233,0.2936195,0.07408157,-0.32580775,-0.23215778,0.21801868,-0.09141223,0.0028718049,-0.11398022,0.16077626,0.13988853,0.08172869,-0.027810743,-0.082958154,0.011990791,0.23005064,0.17492323,-0.028986264,-0.18693078,-0.32040688,0.13930538,0.19989617,-0.21465135,0.2803547,0.32265806,0.016705371,0.050613914,-0.07010528,-0.22859272,0.053608548,-0.029286783,-0.017672474,0.24487174,0.2283034,0.15779781,0.051655214,0.32895857,-0.1691877,-0.2210218,0.077979945,-0.09148456,-0.11890356,0.12544641,0.2073593,-0.28339866,0.10411527,-0.0067084422,0.00933826,0.020570291,-0.049287893,0.00058711984,0.07729738,-0.12184376,-0.20228536,-0.09202648,-0.08208889,0.19253437,0.036713846,0.024180444,0.053292252,0.008937222,0.034492433,-0.04341441,-9.836432e-08,-0.069562875,-0.12353311,-0.22735211,0.06542056,0.08654142,-0.2137913,-0.26258785,-0.018028826,-0.15604797,0.17701219,-0.19715972,0.038305752,-0.30904025,-0.058407977,-0.16458939,-0.3101087,-0.1683687,0.14320189,-0.12078065,0.008692641,-0.072975546,-0.06702408,-0.2623997,-0.13189982,0.0025433053,-0.03552363,0.18613257,0.25717357,0.049808078,-0.26026255,-0.22998522,0.18513797,-0.15345222,-0.14612378,-0.028016033,0.13761333,0.18114889,0.11978566,-0.057151377,-0.10806803,-0.24176736,0.14599377,-0.04382093,-0.034712613,0.09825424,-0.13041233,-0.3846132,0.1167548,0.25874048,-0.18316002,-0.09193896,-0.078087546,0.10903632,0.30745932,0.118421145,-0.25496978,-0.070810325,-0.05563122,-0.12791142,0.08891823,0.14450182,-0.24305607,0.014811568,-0.018386621]"
"f3868f10-0a00-4e1c-8972-a6b2a287b17f"	"Issue: Account AC-984102 unable to execute outbound wire transfers due to 'KYC_BLOCK_ACTIVE' error despite compliance sign-off.
Root Cause: A failure in the Kafka consumer service prevented the account authorization cache from updating after compliance sign-off, leaving the 'KYC_BLOCK_ACTIVE' status in place."	"{""status"": ""WORKAROUND"", ""rationale"": ""The thread begins with Ahmed Al-Mansoor reporting a critical issue where account AC-984102 is blocked from executing outbound wire transfers due to a 'KYC_BLOCK_ACTIVE' error, alongside a secondary request to increase the daily wire limit to $25M. Support engineer Alexander Wright registers the incident (BNK-2026007) and investigates. He identifies a failure in the Kafka consumer service and implements a temporary workaround by injecting an administrative bypass token into the authorization cache, while scheduling a permanent fix (CR-8007) for the weekend. The customer applies the workaround and confirms successful processing of urgent settlements. However, the secondary request regarding the daily wire limit increase is completely ignored by support throughout the thread, leaving it unresolved."", ""confidence"": 0.95, ""original_issue"": ""Account AC-984102 unable to execute outbound wire transfers due to 'KYC_BLOCK_ACTIVE' error despite compliance sign-off."", ""resolution_steps"": ""Injected an administrative bypass token into the account authorization cache to temporarily permit wires for 72 hours, and scheduled a permanent core patch (CR-8007) for the upcoming weekend maintenance window."", ""customer_sentiment"": ""SATISFIED""}"	"[-0.19671984,-0.09471256,-0.20326373,0.05264814,-0.04560393,-0.055983633,0.080018625,-0.06763019,0.017483627,0.279277,0.24558419,0.04107097,-0.12569031,0.075231284,0.05363864,0.1533599,0.28116462,-0.001993875,-0.10457326,-0.21164526,-0.19925152,-0.0693052,-0.051248163,0.1232951,-0.07467774,0.0046022222,-0.10885068,0.05285214,-0.07060915,-0.012889463,-0.19073921,-0.12436064,-0.23191862,-0.09653012,0.25271463,0.08322914,-0.29922587,0.14039958,0.19829752,-0.25842738,0.30125004,-0.16800171,-0.027887065,0.0745933,0.110837325,0.13539726,-0.101883374,-0.0468958,0.011756908,0.13752456,0.20218897,0.1469474,-0.09445596,0.072159424,0.094570786,0.141016,-0.02138855,0.11104935,0.3011478,0.07449164,0.028138764,0.04894511,-0.06486015,-0.068628326,-0.2982716,0.049548425,-0.01303097,-0.13583224,-0.023263156,0.044146612,0.118983336,0.052073542,-0.113812685,0.048760008,0.33038187,0.21805514,-0.044578113,0.03558143,0.09218574,-0.30165246,-0.0018990779,-0.19724919,-0.19209222,-0.09214442,-0.3015656,-0.1571828,-0.15751934,-0.26484388,0.06930431,0.05531362,0.3588478,0.28257686,0.26931274,-0.2947524,0.028227333,-0.22329478,-0.014124511,0.10944893,-0.16632473,-0.108207256,0.205423,0.30628154,-0.18037428,0.1807949,0.056141097,-0.24326919,0.22211741,-0.16028225,-0.029938487,-0.014742914,0.015798865,0.025735533,-0.016947119,-0.16941452,0.22915146,-0.023250714,-0.0440134,-0.018192077,0.019791713,0.08244371,-0.033625178,-0.17852241,-0.006361606,-0.024496669,0.020225685,-0.041188803,0.25518796,-6.618815e-34,-0.054013394,0.02019978,0.02493915,0.087180205,0.1979508,-0.17059334,-0.06786571,-0.40214646,-0.0360706,0.18035945,-0.09293024,-0.021799535,-0.11265404,-0.23381482,0.055722497,0.17979045,-0.045409076,-0.12843002,0.24079053,0.41693318,0.26233873,-0.11614105,0.26986656,0.09814546,-0.121081114,0.17491792,-0.11631096,-0.1566155,0.14181241,0.07465048,-0.083672196,0.038226563,0.15035628,-0.056184933,-0.3223024,-0.07075905,-0.02366325,-0.07332934,0.027771702,-0.12144819,-0.25836617,-0.05771969,0.069403104,-0.014322625,0.005120871,-0.109566815,0.09189127,0.08299538,0.18096213,0.31933412,-0.072091915,-0.09820361,-0.022113666,0.08669004,0.06968899,-0.16173576,-0.018248238,0.0653988,-0.13018705,-0.06712196,0.3178523,0.0900645,-0.13198557,-0.047320355,0.04168472,-0.1441663,-0.1284508,-0.09474686,-0.2967212,-0.036028728,-0.103529125,0.041029964,0.017026419,0.051369973,-0.12860937,-0.21499191,-0.081779525,0.1681458,-0.20477952,0.12141112,-0.007816718,-2.9810468e-05,0.1906532,0.008558844,0.047685724,0.01469827,-0.1519344,0.058697388,-0.10409403,0.07958891,-0.002310338,0.27675506,0.32903907,0.32052362,-0.023340788,-2.7916198e-33,0.005589482,-0.03545886,0.04046592,-0.11281978,-0.09408485,-0.008855061,-0.15128785,0.10860532,0.030861676,0.027049879,0.11446677,0.015364296,-0.11838312,-0.11832203,0.11207293,-0.36134323,-0.16661467,0.27188775,0.08786459,0.21483345,-0.0030699412,0.056700617,0.035231184,0.1501915,-0.008308829,0.13096653,-0.14095359,0.34843135,-0.06890924,0.11169688,0.022129877,0.049301706,0.06657298,0.19978963,-0.077420495,-0.2662519,0.06908676,0.20211898,-0.05598875,-0.024913784,0.30974534,0.13823447,-0.017949985,-0.19143455,0.07184672,-0.08897911,0.17434275,-0.056115393,-0.18598895,-0.058463756,-0.05437681,-0.061279856,0.1341952,0.2039935,-0.034565605,0.46772775,0.18800212,0.1782738,0.33917317,-0.13518062,0.0005216781,-0.22746292,0.12704377,-0.0049701165,0.31231716,0.17061362,0.31984073,0.25257963,0.14789891,-0.10195524,-0.064008154,-0.098601885,-0.089885086,0.017048795,0.17122117,-0.040616814,-0.2728768,0.10600745,-0.028043909,0.004363964,-0.18350603,0.15052824,-0.3139918,-0.06670368,0.22929768,0.06867035,-0.030687548,0.089058705,0.05352606,-0.13529576,-0.07344979,-0.39977893,-0.0013668785,0.10965641,-0.2863257,-9.8246325e-08,-0.04386647,0.032235797,-0.06330388,-0.079575986,0.1758225,0.09055173,-0.071620815,-0.16319893,-0.16586517,-0.09615354,-0.025230343,0.24668871,-0.054431234,0.0870485,0.03484534,-0.057666842,-0.28841138,0.07036272,0.0381109,-0.013442748,-0.07520511,-0.24725118,-0.14858584,-0.09276323,-0.26247257,0.12963572,-0.005300829,0.22836556,0.25094315,-0.006606943,-0.12901084,-0.12630183,0.11928591,-0.08433656,0.016474517,-0.014645318,0.12439053,-0.18442002,-0.083518535,-0.018719869,-0.104561895,0.09666543,0.017021408,0.0049247597,0.06057159,0.20971948,-0.12980214,0.29454473,0.08614136,0.043147296,-0.14201269,-0.008812571,-0.070360206,-0.027825762,-0.048276108,-0.41082883,0.12020063,-0.10450486,-0.07041515,-0.10609756,0.1997727,-0.023616394,-0.36358738,-0.22786652]"
"4e46969c-ae60-49cc-aece-cd7757489dbe"	"Issue: Request to increase the daily wire limit from $5M to $25M under the master treasury agreement for account AC-984102.
Root Cause: The support team did not acknowledge or address this secondary request in their responses, focusing solely on the primary technical block."	"{""status"": ""UNRESOLVED"", ""rationale"": ""The thread begins with Ahmed Al-Mansoor reporting a critical issue where account AC-984102 is blocked from executing outbound wire transfers due to a 'KYC_BLOCK_ACTIVE' error, alongside a secondary request to increase the daily wire limit to $25M. Support engineer Alexander Wright registers the incident (BNK-2026007) and investigates. He identifies a failure in the Kafka consumer service and implements a temporary workaround by injecting an administrative bypass token into the authorization cache, while scheduling a permanent fix (CR-8007) for the weekend. The customer applies the workaround and confirms successful processing of urgent settlements. However, the secondary request regarding the daily wire limit increase is completely ignored by support throughout the thread, leaving it unresolved."", ""confidence"": 0.95, ""original_issue"": ""Request to increase the daily wire limit from $5M to $25M under the master treasury agreement for account AC-984102."", ""resolution_steps"": ""No actions were taken to address this request during the thread."", ""customer_sentiment"": ""NEUTRAL""}"	"[-0.16601083,0.17503117,0.020572903,0.02829843,-0.0549655,-0.10845479,0.050302323,0.24201046,-0.092407204,0.10116339,-0.007371562,-0.04998609,-0.10207034,0.07163655,0.09982649,0.20335563,-0.008617031,0.010270317,-0.0576431,-0.13143243,0.12774977,-0.09088597,-0.060388416,-0.103473775,0.11891705,-0.042983443,-0.10480843,0.046373263,-0.056364715,-0.16452676,-0.1239179,0.018851373,-0.25573555,0.009622045,0.060658325,-0.18319046,-0.14517626,0.015299932,0.08211721,0.064632036,0.16265093,0.05145975,-0.054223202,-0.012009764,-0.18974435,0.011381236,0.0064057284,0.15633343,0.08277024,0.12754671,0.023915159,0.19452673,-0.049730647,0.012830522,-0.02716675,0.037490975,0.058678865,-0.034749314,0.17621014,0.02828438,-0.026146097,-0.004012656,-0.010939319,-0.10110428,0.07700486,-0.08951963,-0.09632968,0.16947511,-0.12791003,0.07070283,0.07194394,0.024969056,0.015778491,-0.17834002,0.22441767,0.035053004,0.019911448,0.092582576,0.05288498,-0.08068149,-0.11198073,0.144594,0.06202179,-0.23465133,-0.059782024,-0.0030793082,0.023586843,0.08812919,0.031600367,-0.045900896,0.18782838,-0.05049797,-0.058513734,0.013658477,-0.07673061,0.0813876,-0.32609868,-0.1764357,-0.20564389,0.13227436,0.25692028,0.09773312,-0.15720746,-0.008689661,0.07185495,0.04309162,-0.114946485,0.18152538,-0.1586911,0.0026632112,0.089700036,0.15793239,0.09627508,-0.29976037,0.05690943,0.023353629,-0.09102049,0.030724237,0.010584053,0.116032735,0.11285812,-0.0033224963,-0.19132602,0.019453865,-0.021787444,0.07278303,-0.010752426,1.168523e-32,-0.06794819,0.19464576,0.112990454,-0.115089424,0.014344761,0.12615545,-0.05619807,0.200563,-0.039615072,0.084160134,-0.14624937,0.029297503,-0.08598529,0.029375073,-0.093697466,-0.3363873,-0.034070056,0.049464796,0.26587,0.047650304,-0.03651623,-0.21543781,0.13361639,0.11456434,-0.010323267,0.045660794,0.087210745,-0.010780765,0.21683939,-0.032093216,-0.0001277459,0.06455578,0.28973785,0.01798548,-0.023718571,-0.00314305,0.1796858,-0.17210805,-0.008002934,0.020072801,-0.0077206446,0.0939927,0.08172078,0.15493622,-0.0652686,0.23361352,0.29756713,-0.07615245,-0.2574154,0.07444289,-0.21607319,0.07873781,-0.18374485,-0.07447168,-0.04381278,-0.02534838,-0.13689722,-0.06679682,0.17746754,0.08406364,0.14992505,-0.05487171,-0.054494053,0.07058952,-0.11278791,0.20707986,0.041005407,0.10510871,-0.12610772,0.04441927,-0.06845411,-0.19653715,0.16547449,0.08679151,-0.015331327,-0.18176477,0.07640631,0.11127579,-0.000292631,-0.21546292,-0.14928067,0.0044877892,0.19725662,-0.024076931,0.20603614,-0.039643288,-0.07394285,0.25768518,0.122440636,0.07874114,0.047981773,0.047624677,0.18121463,0.013975113,0.060310755,-1.0707627e-32,-0.10948464,-0.09908742,-0.09852568,-0.12519471,0.061847534,-0.036331017,-0.07916441,0.23199089,-0.08411692,0.07590351,0.0940551,0.10591114,-0.078698575,-0.077245235,-0.0819526,-0.4287214,-0.12808883,0.054778147,0.13145566,0.085668534,-0.16202813,0.123055734,0.026471158,0.042559803,0.22170998,0.2375174,-0.19232732,0.16109306,0.28930053,0.117236495,-0.1934061,0.0143496925,-0.21426608,0.24963777,0.04339225,0.0010027637,0.2033743,0.15285085,0.08929589,0.1788719,0.13425191,-0.11556253,0.1243704,-0.14913867,-0.037167124,-0.025207289,-0.16564621,-0.29583767,-0.14718094,-0.04658198,-0.028174115,-0.10256564,0.08195776,0.06606073,-0.06582549,0.07954157,0.12375625,-0.021397367,0.08620128,-0.01942122,0.16527165,0.0021593035,-0.12218338,-0.026675077,0.15112115,-0.014190784,-0.034817968,-0.002355811,0.14918005,0.099486545,-0.08084296,0.06902629,0.1332407,-0.16960989,-0.090620905,0.07229235,-0.110023685,-0.0703854,-0.0048835096,0.033269104,-0.24358581,0.058051407,-0.0024489115,-0.07144752,0.08082787,-0.07292471,0.093605325,0.15240139,0.028177548,0.22177604,-0.25330114,-0.28293315,-0.025334917,0.10536395,-0.1933661,-9.974286e-08,-0.065460056,0.10796429,-0.066508465,-0.1106739,0.20529063,-0.0872801,-0.11480524,-0.06467304,-0.043685686,0.104112364,0.26051667,0.09159439,-0.0013823682,0.0068936814,-0.14037244,-0.12356418,-0.21205196,-0.019501023,0.06673449,-0.06293575,-0.04150277,0.18110707,-0.14195219,0.022147369,0.1255812,0.04896069,0.1979533,0.31053624,-0.00015494783,0.019296601,-0.20896986,-0.07226631,-0.1942546,0.037839647,0.024975413,-0.13244285,-0.2460544,-0.09918223,-0.060389277,-0.052240685,-0.029414622,-0.26805776,-0.026494624,0.0017036897,0.06403784,-0.0831645,-0.22159031,-0.1076607,0.06861876,-0.105284296,0.008739207,0.135588,-0.010470829,0.007910557,0.024173485,-0.050674494,-0.07805722,-0.027577639,-0.37521005,-0.02753503,-0.24062978,-0.17370677,-0.1901485,-0.056485232]"
"2dceb527-e7d9-4242-84a5-e8524e700275"	"Issue: Letter of Credit #ILC-2026-8819 ($6,300,000) is blocked in 'DOCUMENTS_REJECTED' status, impacting client SLA and intraday liquidity.
Root Cause: The Trade Finance risk committee flagged potential sanction exposure on the carrier vessel, preventing the release of the clean MT752 authorization required by the beneficiary bank in Singapore."	"{""status"": ""UNRESOLVED"", ""rationale"": ""The email thread consists of 4 turns. In Turn 1, Chloe Bennett reports a critical P1 issue regarding a blocked Letter of Credit (#ILC-2026-8819) and asks a secondary question about whether an issuance fee was debited from a EUR or USD sub-account. In Turn 2, Nils Lindqvist acknowledges the issue, registers ticket BNK-2026008, and begins investigating logs. In Turn 3, Nils provides an update stating that the hold remains active because the Trade Finance risk committee flagged potential sanction exposure on the carrier vessel, and schedules an emergency bridge call. The secondary question is not addressed. In Turn 4, Chloe acknowledges the update, notes that the delay places them in breach of regulatory thresholds, and agrees to join the bridge. Both issues remain unresolved at the end of the thread."", ""confidence"": 1.0, ""original_issue"": ""Letter of Credit #ILC-2026-8819 ($6,300,000) is blocked in 'DOCUMENTS_REJECTED' status, impacting client SLA and intraday liquidity."", ""resolution_steps"": ""Registered incident ticket BNK-2026008 as P1-High, analyzed transaction telemetry, gateway event journals, and microservice logs, identified a sanction exposure flag on the carrier vessel, and scheduled an emergency cross-functional incident bridge."", ""customer_sentiment"": ""FRUSTRATED""}"	"[-0.3892566,0.12889768,0.25633416,0.019858086,0.13343923,-0.1490149,0.078939244,0.054397248,-0.06892642,0.07947044,0.15421167,-0.0071423077,-0.031942032,-0.078545175,-0.2734627,-0.05748788,0.020237245,-0.0969463,-0.12578778,0.1552815,0.020624805,0.15037048,-0.21673052,-0.07905903,0.016220864,0.087872505,-0.012403682,-0.06988018,-0.016675593,0.044995565,-0.045002427,0.27809364,-0.13320339,-0.10045072,0.18516389,0.0033264873,0.005120895,-0.06973115,0.16576132,-0.124049075,0.21500307,-0.054792102,0.05401967,-0.07950861,0.16611512,-0.10063593,0.014198072,-0.08252724,-0.050041717,0.27452555,-0.02682887,0.04803887,-0.09675629,-0.09523148,-0.22363366,-0.22369441,-0.024244392,-0.07644386,0.10275271,0.16162057,0.109287456,0.050228488,-0.03524493,0.06712982,0.16039921,0.041510217,-0.02480515,-0.03857554,-0.015284497,0.0050936067,0.14350544,0.006722147,-0.20658645,0.11548089,0.048243213,0.3010589,-0.1195466,-0.11627634,0.15422456,-0.15219836,0.029141314,-0.13124809,0.104147375,-0.080576874,-0.14233308,0.03434595,0.0670363,0.05574508,0.11541214,0.06525098,0.3672019,-0.074211136,0.28147483,-0.085330226,-0.14484414,-0.1978065,-0.17465746,-0.050244763,-0.17442788,0.25507587,0.22318512,0.28774056,-0.22745603,-0.017002868,-0.023238821,-0.1114095,0.31677496,-0.17704912,-0.07769766,-0.041729733,-0.23811606,0.18543977,-0.05306999,-0.26484153,-0.13926405,0.09269847,-0.09582479,0.07819116,0.1125235,-0.028132118,-0.075324945,-0.06926676,-0.30842927,-0.12554857,-0.22807142,-0.14232154,-0.06832501,2.7006448e-33,-0.07409794,0.029401578,0.098447666,-0.18330914,-0.013193759,-0.07121192,0.1272794,-0.10673424,-0.12903616,0.041162357,-0.22741255,-0.2167393,0.03251568,0.02587931,-0.1412269,-0.08863298,0.1163578,-0.056913,0.06147339,0.14471062,0.25278535,-0.1891181,0.19167757,-0.19077855,-0.009994008,0.2554403,-0.1486336,-0.054887306,0.1752591,0.11448903,-0.2319,0.115471534,0.47234556,0.16240542,0.0027973293,0.07795714,-0.056950983,-0.24541886,0.11291493,0.052764535,-0.026657194,0.1676613,-0.14190656,0.032418855,0.05264739,0.079696305,-0.046404753,-0.01046106,-0.042513847,0.13144423,-0.1830541,0.11521441,-0.3612423,0.012381262,-0.054574676,-0.17872527,-0.0075777834,0.00081704644,0.14179018,-0.04086146,0.21243416,0.10685508,-0.075882494,0.04928227,0.01874229,0.059681617,-0.14472519,-0.19023141,-0.17973861,-0.2504124,0.013750493,0.004272323,0.07669768,0.020795664,-0.0011820217,-0.07958098,0.015923027,0.116316415,0.069912404,-0.016102336,-0.19158067,-0.16342519,-0.022527913,-0.030573979,-0.085267834,0.27861065,-0.014969673,0.032380022,-0.00920894,-0.0327872,0.01544912,-0.053563647,-0.012528932,0.037429146,0.13848445,-9.313427e-33,0.014726667,-0.15855551,-0.07805904,-0.20988472,-0.16549535,0.035626452,0.12976994,0.07028738,-0.040959544,0.20169862,0.11509663,-0.0026573322,0.10399965,0.009402997,-0.024802096,-0.1940414,0.16280752,0.1778938,0.109535106,0.04910782,0.16261917,0.13658607,0.15052193,0.29358518,-0.022177028,0.016444135,0.03463302,-0.06451568,0.03278952,-0.0148994615,-0.16088189,0.091148645,-0.10301269,0.31952998,0.03417819,-0.22475465,0.11863826,0.13922574,-0.11368128,-0.0074948184,0.04757958,0.07052372,-0.043269485,0.14192934,-0.041174334,-0.15624939,0.27967986,-0.2245466,0.417329,-0.19573268,-0.017965155,-0.032164197,0.2486443,0.27180538,-0.01640158,0.2954661,0.31694826,-0.2749538,-8.41274e-05,-0.027237749,0.13051584,0.2324551,-0.07307361,-0.1315718,0.35679907,0.03928775,0.07057827,0.00079718896,0.19463904,-0.31519645,-0.004630771,-0.17864847,0.10297655,-0.1322168,0.09268487,-0.036937095,-0.18755001,0.04119692,-0.12654248,-0.0021561203,0.045226175,-0.035609405,-0.12228485,0.077545345,0.12354738,-0.09994085,0.094285496,-0.14815381,-0.0134298,-0.026083479,-0.19918136,-0.118483946,-0.14903966,0.11129226,-0.14409079,-9.9805476e-08,-0.078772925,-0.13623951,-0.107968114,0.044078447,-0.14078622,-0.0054124133,-0.27337608,-0.15319502,-0.029064834,0.043271296,0.09987046,0.012038948,-0.15429994,-0.2548542,-0.09825435,-0.15991402,-0.15974897,0.17252009,-0.013919849,-0.03841523,-0.017570298,-0.13505024,0.031533767,-0.21294415,-0.10727978,-0.027337508,0.0839984,0.3400436,0.118781336,-0.16675317,-0.26986232,-0.045123905,0.08021336,-0.0809453,-0.039751012,0.10022076,0.047712013,-0.07264661,0.029352162,-0.11594402,-0.04831225,0.13531497,0.0004067215,0.035756677,0.19514136,0.08458702,-0.1587877,-0.065058686,0.14974774,-0.07494907,-0.09595168,0.046384886,0.13600978,0.25703225,0.21692678,-0.04678452,-0.0545726,0.043474223,-0.12748985,0.09188992,0.1687938,-0.21067113,-0.026155634,-0.03314782]"
"09438c44-4965-4dab-b093-b3f4c2d34fde"	"Issue: Request for confirmation on whether the issuance fee was debited from the client's EUR or USD sub-account.
Root Cause: The inquiry was left unaddressed by the support team due to the escalation of the primary high-priority blocker."	"{""status"": ""UNRESOLVED"", ""rationale"": ""The email thread consists of 4 turns. In Turn 1, Chloe Bennett reports a critical P1 issue regarding a blocked Letter of Credit (#ILC-2026-8819) and asks a secondary question about whether an issuance fee was debited from a EUR or USD sub-account. In Turn 2, Nils Lindqvist acknowledges the issue, registers ticket BNK-2026008, and begins investigating logs. In Turn 3, Nils provides an update stating that the hold remains active because the Trade Finance risk committee flagged potential sanction exposure on the carrier vessel, and schedules an emergency bridge call. The secondary question is not addressed. In Turn 4, Chloe acknowledges the update, notes that the delay places them in breach of regulatory thresholds, and agrees to join the bridge. Both issues remain unresolved at the end of the thread."", ""confidence"": 1.0, ""original_issue"": ""Request for confirmation on whether the issuance fee was debited from the client's EUR or USD sub-account."", ""resolution_steps"": ""No diagnostic or resolution steps were taken for this inquiry, as the support team focused entirely on the critical P1 Letter of Credit blocker."", ""customer_sentiment"": ""FRUSTRATED""}"	"[-0.10917298,0.08748451,0.039846405,-0.07448958,0.03980547,-0.26971245,0.072206885,0.109086104,0.18522072,0.23166774,0.11961473,-0.27655497,-0.05296965,0.13864627,-0.051734112,-0.033167996,-0.06921675,-0.24323803,-0.186618,0.12588207,-0.1841489,-0.054211617,-0.2329797,0.11897441,0.13326998,-0.049994413,0.01039023,-0.0626303,0.026320986,-0.01292261,0.043666583,0.06111244,0.07152195,-0.16216801,0.124043934,0.00226474,-0.008542775,-0.16833282,0.043771476,-0.005674444,0.031020489,-0.0696494,-0.08017279,-0.08632014,0.0848978,0.15377995,-0.018861435,0.20554489,-0.14865631,0.2152016,0.093399554,-0.071312465,0.008427852,0.006575852,-0.07042348,-0.03637725,0.23205158,0.16278361,0.031641614,-0.09984691,-0.21273583,0.082461715,-0.073605664,0.035273984,-0.08069735,0.12065068,-0.022342065,-0.030286346,-0.11433591,0.033934314,0.33386713,-0.22481515,-0.08378872,-0.065314576,-0.07133886,0.117368534,0.020582132,0.1340797,0.0066548586,-0.093398124,0.12502928,-0.09696138,0.0060233856,-0.16283412,0.1657882,-0.1477814,0.19670787,-0.14240287,0.027617997,0.070184425,0.3210107,-0.008896533,0.061875246,0.07356629,0.09154522,-0.017485792,-0.05465492,0.110228375,-0.23234323,0.029816683,0.20040874,0.11966713,-0.2395029,0.06516005,-0.014514738,0.03207489,0.26448134,0.13584058,0.16213207,0.044005316,-0.21823591,-0.046727106,0.06254996,-0.08001976,-0.1438619,0.20275593,0.17104939,0.04385425,0.23938026,-0.36366832,0.009072276,0.089864634,-0.17716724,-0.16057397,0.1102249,-0.06970948,0.12927584,4.4005145e-33,-0.1816861,-0.076624095,-0.032073826,-0.29383028,-0.1848849,-0.033040896,-0.06566305,0.24322125,-0.11715232,-0.056812458,-0.06639746,-0.056564033,0.13631892,-0.22498012,-0.25822017,-0.18335721,0.07870966,0.13635191,0.13884352,0.24378642,0.10780752,-0.16349328,0.09739445,0.0021625657,-0.19167723,0.16487241,-0.15018839,-0.13428167,0.06811936,-0.007273654,-0.16721453,-0.10677766,0.081626855,0.13035858,-0.04867989,0.14935073,0.20098104,0.019230925,-0.10100559,-0.08153311,0.11188554,0.07596495,0.053087138,0.022951785,-0.14592819,0.06643249,-0.04213557,-0.13606694,-0.06557597,0.12385775,-0.22040904,-0.023512283,-0.13926451,0.01123562,0.06020192,-0.090351336,-0.0024227554,0.060523912,-0.03199238,-0.005664592,0.115963094,0.005812241,-0.1770205,-0.015325316,-0.22520159,-0.13557658,-0.053108208,-0.014663788,-0.24536738,-0.11107319,-0.14880322,0.07800402,0.34554988,0.15403707,-0.1080837,0.0225367,-0.052804314,0.09857494,0.09048687,-0.0012833223,-0.15200786,-0.034881994,0.24327233,0.040749844,-0.14986913,0.30758327,0.06422806,0.1606646,0.017744662,0.22201997,-0.053516615,-0.02687957,0.006753075,0.030615196,0.4546565,-6.076027e-33,-0.26252893,-0.093449876,-0.18530984,0.036077965,-0.001103064,0.0046165404,-0.15562934,0.10417211,0.13589902,0.06792446,0.017243966,0.009214592,-0.099000104,0.087943286,-0.09437153,0.059801392,-0.10882017,0.038465302,0.2100883,0.027627047,-0.017583651,0.18522535,0.038302705,0.061328582,-0.049250618,0.1812012,0.12766849,0.055326816,0.19439647,0.1090936,-0.067020044,-0.016767493,-0.120845504,0.3220299,-0.093226515,-0.058815915,0.025854073,0.1575751,-0.1661995,0.013855981,-0.10616248,0.11606446,-0.12207649,0.080638826,0.11490561,-0.07510256,0.15932888,0.120308794,0.1664845,-0.04252196,-0.14803942,-0.15286821,0.27967402,0.2875825,-0.25295788,0.2164456,0.19364911,0.04905555,0.16289443,-0.08981096,0.15981124,0.20365497,-0.017100569,-0.17733419,0.2480923,0.06292162,0.08981243,0.014754871,0.27036908,-0.09397374,-0.004968232,-0.15035142,-0.050790615,-0.00473104,0.25280824,0.3188737,-0.1280287,-0.14183256,-0.03156733,0.059171528,0.119464345,0.092721134,-0.017582351,0.048167385,-0.11247426,-0.05411509,0.04992069,-0.12165594,-0.008261206,-0.12015346,-0.17795931,-0.19799516,0.044643767,0.1680155,-0.12596148,-9.9043866e-08,-0.112389356,-0.1318868,-0.051155202,0.04464535,0.16866726,-0.056246355,-0.048179805,0.07811196,-0.24971661,0.00983601,-0.20230971,-0.11506087,-0.25609842,-0.1431333,-0.04692768,-0.23269045,-0.0735067,0.0978963,-0.14020409,-0.11184283,-0.025971476,0.08155413,-0.0912116,-0.21864554,-0.11031987,0.01879053,0.16908403,0.26335323,-0.08669908,-0.32730606,-0.17738155,0.18747525,0.081775084,-0.10282014,-0.0067434553,0.105258785,-0.074791215,0.16341212,-0.051593807,-0.110139556,-0.11774816,0.003400006,-0.15256849,-0.025489347,0.076880485,0.20769782,-0.26560354,-0.096682794,0.10094195,-0.2242955,-0.0716439,-0.18316504,0.19391347,0.20994897,0.093504936,-0.047047056,-0.12528233,0.09051821,-0.088073455,0.039510727,0.24721335,-0.17134051,0.005039779,-0.01533603]"
"41874d24-df91-4637-aefc-75d6fdf00857"	"Issue: Agent bank unable to book a $120,000,000 revolving credit facility drawdown due to 'FLOOR_SPREAD_CALC_EXCEPTION' error.
Root Cause: The loan contract configuration was missing the mandatory Credit Adjustment Spread (CAS) parameters required for the Term SOFR transition."	"{""status"": ""RESOLVED"", ""rationale"": ""The email thread details a rapid and successful resolution of a critical P1 financial operations incident. In Turn 1, Carlos Mendoza reports a failed $120M drawdown due to a 'FLOOR_SPREAD_CALC_EXCEPTION' and requests a covenant compliance certificate deadline extension. In Turn 2, Gregory Bell registers ticket BNK-2026009 and begins diagnostics. In Turn 3, Gregory resolves both issues: he applies the missing Credit Adjustment Spread (CAS) parameters (+26.161 bps) for the Term SOFR transition to fix the drawdown, and grants the covenant extension until Sept 30. In Turn 4, Carlos confirms successful posting, reconciliation, and verification of both items, allowing the ticket to be closed. The sentiment shifts from urgent/concerned to highly satisfied."", ""confidence"": 1.0, ""original_issue"": ""Agent bank unable to book a $120,000,000 revolving credit facility drawdown due to 'FLOOR_SPREAD_CALC_EXCEPTION' error."", ""resolution_steps"": ""Configured the missing +26.161 bps Credit Adjustment Spread (CAS) on the facility tranche and executed the drawdown booking."", ""customer_sentiment"": ""SATISFIED""}"	"[0.20727596,-0.04696281,-0.2992585,-0.03507098,-0.24462311,-0.08628178,-0.39519292,0.17152019,0.026019057,0.023069927,0.19774087,-0.034968156,-0.028408265,0.08559906,0.18343484,-0.16769624,-0.08003343,0.0729336,-0.012858076,0.21089223,0.105238385,0.004517105,-0.20572358,0.17342448,0.13540193,-0.11330193,-0.14166473,-0.038962662,-0.10185849,-0.12193129,0.048650887,0.39038193,-0.005706793,-0.21181366,0.3533849,0.12990901,-0.12233591,0.0086694015,0.017196108,-0.10356735,0.20043458,-0.021432405,0.19799562,-0.06433231,0.034419835,0.00027051714,0.02682398,0.121791035,0.13650249,0.12841393,-0.17182091,0.22208531,0.1386959,0.03136992,-0.30972117,0.011700079,0.20254035,0.0077433726,0.062649816,-0.06887389,0.25258902,0.042383038,0.096164,-0.024048153,-0.086655654,0.2446665,-0.03136892,-0.08974582,-0.046648007,0.11864211,0.026948709,-0.20398372,-0.09396145,0.010741928,0.34356773,0.18048619,-0.2730669,0.045599796,0.29437235,-0.12667586,0.049697563,-0.28676683,-0.2674932,0.050319683,-0.24354993,0.0072469157,0.10862232,0.07942974,0.12052458,-0.029255917,0.34895256,0.12945415,0.15201916,-0.08705222,0.003806587,0.034574337,-0.11315369,-0.3510516,-0.021412844,-0.05132804,0.06294215,0.07987937,0.22062473,0.14716785,0.10268257,-0.12596421,0.16333827,-0.0741771,-0.024513459,-0.14997655,0.042393215,0.085753016,0.29073876,-0.07572402,0.1690841,0.19394061,0.014022868,-0.050082676,0.00033202133,-0.045325033,0.099021725,0.1999352,-0.34282476,0.019802997,0.06167587,0.017560575,-0.17688553,8.077255e-34,0.116334476,0.0087454,0.13436508,-0.04972329,0.13897981,-0.10646168,0.11951721,-0.073711544,0.006767707,0.13615417,0.2454488,-0.16695091,-0.03173314,-0.18934834,-0.038267992,-0.118980624,0.077009715,-0.0066539673,0.017626649,0.14434211,0.1748212,-0.16850546,0.065072626,-0.11713953,-0.018870236,0.39996833,-0.121712655,-0.03018995,0.22234598,-0.004024025,0.11350255,-0.052203212,0.12237674,-0.017045904,0.02664902,-0.09580138,-0.05106314,-0.18106239,-0.0025684033,0.15227099,-0.32457435,0.17565963,0.18225218,-0.029259015,0.1096738,0.17095216,0.10294545,0.16633062,0.106644996,0.41425186,-0.23208052,0.034576032,-0.23712617,0.13123125,0.018326297,-0.14074261,-0.029325437,0.0041025467,-0.23380783,0.009970241,-0.035563074,-0.09513398,-0.04026757,0.018861065,-0.05111684,-0.17671883,-0.21190117,0.035935532,-0.23333812,-0.048026845,-0.24086593,0.009208099,0.033199944,0.02934701,-0.056051884,-0.34358093,0.028636154,0.07801955,0.07016864,-0.33462775,-0.11809742,0.12940298,0.071689196,-0.100744545,0.07665581,0.22818054,-0.03156935,0.09784743,-0.24045987,0.012141731,-0.15769686,-0.11748618,0.19533414,0.28108665,0.124065526,-9.76765e-34,-0.3237214,-0.1624672,-0.10168588,0.075083256,-0.02499995,-0.032701567,0.15774508,0.029898437,0.24067128,0.09976934,-0.08649258,0.10652589,0.036148548,0.005627002,-0.009123022,-0.05607163,0.20752741,-0.1537615,0.11599618,0.0074342187,0.24879096,-0.018210562,-0.05873844,0.1377636,0.12660508,0.1329067,-0.032759294,0.07368102,0.048465796,0.04267762,0.04541287,0.04773393,-0.17252338,0.1511717,0.041905165,-0.33258295,-0.07657681,0.080840565,-0.1717884,-0.09070518,0.021883726,-0.12254777,-0.22131877,-0.13321732,0.26411575,-0.15099841,0.16221407,-0.08692922,0.36396468,0.13811518,-0.26746812,-0.042455133,0.093712,0.16050488,-0.14588922,0.2829641,0.61282253,0.030982388,-0.21614403,-0.10385681,-0.12009796,0.20107654,0.115941405,-0.1929582,0.1669681,0.099422984,-0.08536543,-0.13226694,0.129697,-0.078802496,-0.047570627,-0.09764791,0.21367939,0.018689232,0.19645329,0.20576327,-0.21580656,-0.0077135055,0.12060923,0.011410113,-0.22757149,0.17456393,0.057111945,0.108425066,0.21513712,0.028098172,-0.05918318,-0.0001388412,-0.003992931,0.107259326,-0.11013496,-0.061341014,0.17152153,0.05888472,-0.0912135,-9.7768e-08,-0.35751334,0.102077104,-0.260476,-0.08789328,0.20846646,-0.15943173,0.25730667,0.05754757,-0.11445763,-0.05369818,0.049086932,0.05423878,-0.07178541,0.036779568,-0.016673002,-0.31757763,-0.25539154,-0.013136811,-0.14237732,-0.22189203,-0.061906636,-0.3596047,-0.24552403,-0.18145043,-0.051963836,-0.07444112,0.07084673,0.38007247,0.13227448,0.003339996,-0.06154674,-0.17925306,0.17278221,-0.12968631,-0.17906012,0.1838002,0.22805539,0.10214633,0.17090774,0.04691146,-0.18193664,-0.08750269,0.026697086,-0.13582703,0.14243832,-0.09930783,-0.2153119,0.24012715,0.44665658,-0.17271793,-0.30034927,-0.029447395,-0.15800609,0.10665823,0.25309858,-0.20688869,-0.06734317,-0.041204125,-0.030265866,0.025821816,-0.1641723,-0.16676757,-0.083390705,-0.09088971]"
"9ad1a8b0-8c93-4609-8fa2-30a055605e31"	"Issue: Borrower request for an extension on the delivery deadline for their Q2 audited covenant compliance certificate.
Root Cause: The borrower requested additional time to submit their Q2 audited covenant compliance certificate."	"{""status"": ""RESOLVED"", ""rationale"": ""The email thread details a rapid and successful resolution of a critical P1 financial operations incident. In Turn 1, Carlos Mendoza reports a failed $120M drawdown due to a 'FLOOR_SPREAD_CALC_EXCEPTION' and requests a covenant compliance certificate deadline extension. In Turn 2, Gregory Bell registers ticket BNK-2026009 and begins diagnostics. In Turn 3, Gregory resolves both issues: he applies the missing Credit Adjustment Spread (CAS) parameters (+26.161 bps) for the Term SOFR transition to fix the drawdown, and grants the covenant extension until Sept 30. In Turn 4, Carlos confirms successful posting, reconciliation, and verification of both items, allowing the ticket to be closed. The sentiment shifts from urgent/concerned to highly satisfied."", ""confidence"": 1.0, ""original_issue"": ""Borrower request for an extension on the delivery deadline for their Q2 audited covenant compliance certificate."", ""resolution_steps"": ""Approved and granted the covenant deadline extension until September 30."", ""customer_sentiment"": ""SATISFIED""}"	"[-0.13086742,0.14227282,0.26792735,-0.05485513,-0.0030790947,-0.0939497,-0.22457924,0.11104692,0.14983581,0.018134415,0.18140273,-0.24152222,-0.037552502,0.31603366,0.09013165,0.10288039,-0.2084867,-0.10818296,-0.16027509,0.0019731252,0.21276799,0.14028133,-0.05858294,-0.11039582,0.056636278,-0.1640196,-0.34216666,0.17122965,0.07261249,-0.13393594,0.1807559,0.13570431,0.13199116,-0.0955879,0.32971513,0.19065328,0.1641319,0.0370916,0.07519459,-0.16707431,0.012663264,-0.17072128,-0.0067642657,0.01490185,-0.17191528,0.020276403,-0.016352536,-0.18652302,-0.15746051,-0.012646282,-0.08261793,-0.07480857,-0.06287851,-0.0021749088,-0.059048012,0.10152514,-0.15647921,0.12495584,0.16898832,-0.10985994,0.06611541,0.02666185,-0.29702735,0.1173496,-0.100554965,0.17649303,0.12410324,0.12212768,-0.26821616,0.011303124,0.11648235,-0.018495714,-0.3498745,-0.0027369747,0.24163269,-0.051167868,-0.09028711,0.17195417,0.013032287,-0.4496747,-0.016964043,-0.32395914,-0.1348188,0.15265904,0.02329243,-0.1727797,-0.09120348,-0.017015867,-0.008882919,-0.07795829,0.3547953,-0.30322102,-0.06686847,0.08205234,-0.0041883807,-0.25097457,-0.025346788,0.0075494107,0.08206327,0.06991791,0.09692566,0.06733508,-0.47059968,-0.14164603,0.16023861,-0.015989874,0.015115998,-0.063298926,0.15627785,0.032866683,0.04376692,0.13353762,-0.039805457,-0.5049347,-0.013518422,0.43627217,-0.06592527,0.16206098,0.11004055,-0.092161946,-0.019796932,0.06512671,-0.24161395,-0.12792034,-0.023831451,-0.06846474,0.035134155,1.00426604e-32,-0.124881364,-0.0064298157,-0.011413851,-0.12127438,0.33589125,-0.106620096,0.09187525,0.04015972,-0.3370727,-0.30003244,0.095687,-0.040870883,-0.11100147,-0.43794823,-0.22068419,0.010668332,-0.06514725,0.22864075,0.048978865,0.3254196,0.25129527,-0.42380297,0.07189204,0.3128176,0.07234346,-0.1767659,0.2427838,0.2161472,0.2928861,0.10965163,-0.077014156,-0.12008654,0.26505953,-0.07120519,0.09844508,0.24871007,0.27133387,0.034799647,-0.16130692,-0.18460003,0.18302912,0.070204265,0.05479953,0.06316756,0.10576031,-0.29085332,0.120069005,-0.051824793,0.36659458,0.28650987,-0.16262804,0.08894608,-0.14238073,0.12032756,0.099783175,-0.1581818,-0.07427528,0.009678716,-0.31297606,-0.08596966,0.09822606,-0.11940074,-0.1991907,0.04151937,-0.014473484,-0.02113186,-0.027299313,0.1811297,0.16625866,-0.039531108,-0.32970962,-0.15739667,0.080720834,0.24163274,-0.018380303,-0.22648796,-0.119891055,0.255252,0.36066487,-0.22348066,-0.17131656,-0.052418254,0.22404775,0.16812636,0.099871084,-0.09928853,0.047288343,-0.046227764,-0.052400112,0.15356196,-0.19317774,0.03148272,-0.029523985,0.22596703,0.32773054,-9.3263134e-33,-0.0069828634,-0.15350862,-0.18761797,0.120096706,0.21951795,-0.11324205,-0.12908094,0.110352784,0.18233858,0.05590739,0.022549635,-0.061989535,0.123218946,-0.04609139,-0.2892762,-0.17762472,0.10138673,0.11448287,0.09408047,0.19835123,0.22281994,0.0188289,0.23603567,-0.07072765,0.18982573,0.29454166,-0.07985086,0.17867817,0.14527549,-0.064580016,-0.13405038,-0.15608183,-0.32329115,0.16295005,0.17233473,-0.12603644,0.14089936,0.109318115,0.06291202,0.079626575,0.06108538,0.096857265,0.04801185,0.0072306623,0.08368073,0.02473387,0.34937495,-0.16450766,-0.003585455,0.022497008,-0.16121921,0.020981424,0.16433702,0.38209093,-0.052745786,0.053751078,0.011821907,0.16956377,0.14126983,0.25943825,0.21875662,0.27568442,0.13038966,-0.2931751,0.4222456,-0.10804562,0.15978982,0.024086243,0.14392485,-0.005929302,-0.09945462,-0.24067186,-0.11475735,-0.10297861,0.088431306,0.1184468,-0.22204208,-0.1986833,-0.18076344,-0.20477091,-0.06115436,0.055405237,-0.09020361,0.22188035,0.012539116,-0.17697936,0.36334726,0.10287609,0.15069441,0.09265865,-0.08059695,0.10608857,0.05767274,0.24082106,-0.036143355,-9.899611e-08,0.008744891,0.032247085,-0.35793784,-0.1983283,0.5110002,-0.0013751774,-0.15041284,-0.115331106,-0.19433235,-0.18401481,0.09174386,0.017107148,-0.023369461,-0.058734283,-0.11588815,-0.34559932,-0.09623108,-0.22851966,-0.22552462,-0.18710388,-0.10992083,-0.104000114,0.10331623,-0.21156439,-0.2019755,-0.07810384,-0.18683986,0.30038795,0.15007895,-0.11590511,-0.12885407,0.23752616,-0.0036288255,-0.056551173,-0.360021,-0.014757526,-0.20410906,-0.14750229,-0.16976617,0.07372483,0.15923034,-0.087987445,-0.02111514,0.16875872,0.11460959,-0.048599288,-0.3599786,-0.04553385,0.0028595247,0.027211761,-0.04532912,-0.27264503,0.13035128,-0.0114375325,-0.116227776,0.11754611,0.018209808,0.1355183,0.1326822,-0.05207062,0.10998285,-0.09366611,-0.060020056,0.046431974]"
"3ab4cb4f-be13-40c5-b75c-c6da4ba8d1a3"	"Issue: Actimize AML transaction monitoring system experiencing an 8-hour processing backlog on wire transaction alerts, causing high-risk transactions to clear prior to compliance checks.
Root Cause: A core system processing failure or database lock within the Actimize AML system, requiring a permanent core patch to resolve fully."	"{""status"": ""WORKAROUND"", ""rationale"": ""The email thread traces a P1 support ticket (BNK-2026010) raised by Marcus Vance regarding two issues: a critical Actimize AML backlog and a failed FinCEN export. Samuel Becker from Cloudfin Systems investigates and provides an interim workaround for the AML backlog, which Marcus successfully applies to process urgent settlements. A permanent patch (CR-8010) is scheduled for Sunday. However, the secondary issue regarding the FinCEN HTTP 403 Forbidden error is completely unaddressed in the support engineer's responses, leaving it unresolved."", ""confidence"": 0.95, ""original_issue"": ""Actimize AML transaction monitoring system experiencing an 8-hour processing backlog on wire transaction alerts, causing high-risk transactions to clear prior to compliance checks."", ""resolution_steps"": ""Analyzed transaction telemetry and microservice logs. Implemented an interim operational workaround by activating a high-threshold filtering heuristic to prioritize transactions over $250,000 for real-time human review while batch processing catch-up runs in the background. Scheduled a permanent core patch (CR-8010) for deployment during the Sunday maintenance window."", ""customer_sentiment"": ""SATISFIED""}"	"[-0.10826437,0.022309514,-0.10072528,0.09506149,0.081310496,-0.25090775,0.17810659,0.1336932,0.14730465,0.25204366,0.034646507,0.11882738,0.10314352,-0.02206928,-0.34087658,0.09285048,0.06907143,-0.15691288,-0.2391282,0.088366896,-0.14483295,0.0005849424,-0.1936255,0.32383317,-0.12207024,-0.16808015,-0.073086835,0.0033751486,-0.006891265,-0.25096866,-0.095052294,0.16635515,0.13472994,0.18070135,0.091866314,0.15910271,0.085142314,-0.21796443,-0.07399512,-0.22556037,0.052961066,-0.15399726,-0.048886675,0.11244859,0.06616593,-0.23447782,0.08192364,-0.1452115,-0.0178815,-0.055317882,-0.17387235,0.14122786,0.07055579,-0.08826588,0.13240415,0.021596929,0.0705987,0.10473541,-0.015635988,0.36948434,0.13904485,0.05062409,-0.10901953,-0.042402692,0.04458202,0.16678111,0.064813614,-0.05459965,0.07820473,-0.028381692,0.009448176,-0.054228976,-0.2531919,-0.0022369507,0.08688479,0.10586329,-0.034429755,-0.13333897,-0.07304024,-0.22501962,-0.11146202,-0.20604137,0.16204284,-0.19585465,0.3040615,-0.09800424,0.03720589,-0.046538536,0.1336496,-0.12114012,0.10536051,-0.056238692,0.17215125,-0.06269955,0.3052507,0.04505405,-0.0039493153,-0.08255951,-0.053107973,0.07139514,0.15852945,0.18693043,-0.08352593,0.27134162,0.025391884,-0.078178294,0.10076378,0.16558889,-0.32953042,-0.2423199,0.04173327,0.102021866,0.23759417,-0.1252154,-0.013109315,0.15597844,-0.02477667,-0.009259214,0.04388452,0.24988031,-0.022291047,0.045847807,-0.16774946,-0.104643844,0.26337448,0.22540304,0.10674824,1.285911e-32,-0.05687685,0.23912245,-0.2092766,-0.007669106,-0.19491935,0.03817971,-0.034314595,-0.113858104,-0.016568698,0.09642879,-0.0439231,-0.05330329,-0.014963479,-0.13512322,0.10131235,-0.19840236,0.2356957,0.13732074,0.074382804,-0.032089867,0.033229955,-0.28245705,-0.019667331,-0.11036112,-0.08623376,0.04614159,-0.09149458,-0.07595966,0.18908721,0.04524555,0.06637161,0.15575218,0.17317475,0.23146051,-0.0035873344,0.15136732,0.017335035,-0.015392122,0.056506943,-0.22652282,-0.23198868,0.21145846,-0.12864672,-0.04934483,0.13569495,0.013511923,-0.2511021,0.091761336,-0.021595867,0.054290764,0.011717374,0.18474013,0.19677511,0.044587813,-0.1819408,0.079401635,0.1139741,-0.09092026,-0.029637774,0.38780308,-0.019359384,-0.20680839,-0.25568092,-0.0749477,0.15719074,0.07241082,0.081066236,0.10886577,-0.011382652,0.24073336,-0.18616931,0.13823679,0.2669025,0.0030590384,-0.1242181,-0.060368787,0.021274872,0.22280958,-0.08949449,-0.25263882,-0.06426587,0.035461873,0.23109153,-0.16774659,0.063997194,0.042019576,-0.09700684,0.13895532,-0.1351621,0.26495758,0.14550574,0.024019778,0.2551667,0.28498697,0.012449826,-8.169303e-33,-0.2171829,-0.17305121,-0.15322284,0.022321153,0.07292638,-0.033904765,-0.0061672176,0.09005322,-0.27933234,-0.17015395,-0.01204099,-0.128265,-0.035716757,0.08966861,0.067991406,-0.18585534,0.041443635,0.048814055,0.16337004,0.1882513,0.04369342,0.27438882,-0.21272922,0.09905499,-0.20666626,0.16526686,-0.4061822,-0.09871512,0.06291011,0.19746982,-0.02821169,0.14908859,-0.09520183,0.29020852,0.07731384,-0.22665185,-0.10049155,0.089744255,-0.00946045,-0.05463769,0.062345464,0.22824022,-0.14781149,-0.12554668,0.005662496,0.10973252,0.0018589408,-0.027877605,-0.027522685,-0.1485637,-0.18384391,-0.27322823,0.3717343,-0.012181781,0.003967362,0.1506133,0.06359846,-0.22266425,-0.08485672,0.07196436,-0.017489035,-0.0051680296,0.052400954,-0.15472789,0.45096162,0.05580109,0.10610445,-0.096321344,0.06479582,-0.04684327,0.26389545,0.08210228,-0.20487925,0.15255696,0.073850565,-0.030824248,-0.27616668,-0.11072784,-0.13527404,0.033115305,-0.19407563,0.06534684,-0.13305879,0.018781343,-0.06340526,-0.019834707,0.117860496,0.057526335,0.17330422,-0.24203315,-0.2257527,0.013043054,-0.31482118,0.021963386,-0.05208353,-9.684446e-08,0.062319223,-0.03249727,-0.2563647,0.05226588,0.4905084,0.0077210274,-0.09919844,0.11624932,-0.012183835,0.16115963,-0.13392818,-0.06932959,-0.093770355,-0.17433742,-0.06911795,-0.15425314,-0.2704026,-0.071597815,-0.13190635,-0.14572775,0.013380895,0.024639785,0.06557952,-0.09419253,-0.085812695,-0.14569362,0.31068942,0.3414333,0.13624334,0.008620945,-0.15527244,-0.07077587,0.1928362,0.067482784,-0.2174718,0.19084482,0.19036466,0.08628631,0.04165343,0.041854598,0.018556366,0.0854487,0.0556023,0.058881704,-0.07013385,0.059637915,-0.3232018,0.13918471,0.09288716,-0.14729297,-0.001527006,-0.20685561,0.1236644,0.23919287,0.10438573,-0.1719129,0.1936981,-0.13515119,0.2835671,0.105214834,0.07513623,-0.26819652,0.027198875,-0.2154961]"
"f482d56b-4c51-487a-bc75-b2885d0f004c"	"Issue: Automated nightly export to FinCEN for SAR/STR e-filing failed with an HTTP 403 Forbidden error.
Root Cause: Undetermined. The issue was reported by the customer but ignored/abandoned during the troubleshooting of the primary P1 issue."	"{""status"": ""UNRESOLVED"", ""rationale"": ""The email thread traces a P1 support ticket (BNK-2026010) raised by Marcus Vance regarding two issues: a critical Actimize AML backlog and a failed FinCEN export. Samuel Becker from Cloudfin Systems investigates and provides an interim workaround for the AML backlog, which Marcus successfully applies to process urgent settlements. A permanent patch (CR-8010) is scheduled for Sunday. However, the secondary issue regarding the FinCEN HTTP 403 Forbidden error is completely unaddressed in the support engineer's responses, leaving it unresolved."", ""confidence"": 0.95, ""original_issue"": ""Automated nightly export to FinCEN for SAR/STR e-filing failed with an HTTP 403 Forbidden error."", ""resolution_steps"": ""No diagnostic or resolution steps were taken for this issue; it was unaddressed by the support engineer in the thread."", ""customer_sentiment"": ""NEUTRAL""}"	"[-0.028625185,0.11053622,-0.21142675,-0.13516675,0.114518285,-0.2108024,-0.2571227,0.14353962,-0.07067633,0.16459112,-0.11867629,0.14643753,-0.18006809,0.23347671,0.04894456,-0.09742236,-0.14674099,-0.21176164,0.20628837,0.17804696,-0.053243686,0.07040119,0.08921119,-0.07132998,0.012558088,0.034794454,-0.24280246,0.08891324,0.14863513,-0.048244234,0.005706984,0.082679205,-0.14623868,0.006944977,0.26283482,0.22583874,0.030685786,-0.001927991,-0.0586158,-0.015761029,0.321335,0.088384405,-0.047896784,-0.20116568,-0.16827892,-0.15659161,0.12503612,-0.07115718,0.03838858,0.103005566,-0.15703218,0.20187923,-0.08610696,-0.085206375,0.17244057,-0.07636249,-0.21190181,0.03527856,0.10721273,-0.07755398,0.06984646,-0.1352332,0.097924046,-0.26082864,-0.055793148,0.26053542,0.04230467,-0.07209414,-0.022212608,0.052474804,-0.19785817,-0.06955381,-0.55103815,0.11148554,-0.024270559,0.12201476,-0.08206911,0.14625521,0.042284925,-0.11786199,-0.0054852623,-0.157414,-0.024462203,0.044202086,-0.13326755,0.11194728,0.012943508,0.10069929,0.3283085,0.047172327,0.13042063,-0.011923295,0.084761366,0.12691058,0.11652852,-0.1660751,0.06538502,0.13004097,-0.0036103853,-0.056915063,0.124453686,-0.029469093,-0.02402186,0.017853342,-0.15962513,0.005393952,0.014773592,0.08395522,0.09243574,-0.04886356,-0.12947798,0.24226794,-0.08858527,-0.39508203,0.05143767,0.16418897,-0.3876073,-0.10014124,-0.027494851,0.24078655,0.049228188,-0.08275413,-0.09802474,0.0013872428,0.26285538,-0.122883804,0.20312719,-7.973241e-34,-0.031589363,0.19596529,0.02866246,-0.28834605,0.14614402,0.02164802,0.010792841,-0.0742195,-0.015203165,-0.08394957,-0.11826396,0.020596607,-0.0834464,0.00642337,0.046208747,-0.011691595,0.15422332,0.047318343,0.12809236,-0.04445082,0.18098545,-0.094411135,0.06554808,-0.022224532,-0.0804083,0.10639137,-0.029071169,0.06684531,0.30164886,-0.025316367,0.13682033,-0.07771899,0.29431114,0.018602142,0.014198747,0.0676331,0.024182055,0.18211058,-0.1118895,0.11737978,0.14841738,0.09933334,0.04601446,0.1606512,-0.08199965,-0.055127345,-0.08755255,-0.05231157,0.108153746,0.20734651,-0.19010136,0.06685262,-0.0007245349,-0.04404884,0.07791292,-0.031819362,-0.018574914,-0.27422687,-0.10276846,-0.16727903,0.114309385,-0.09623591,-0.11311775,-0.08736992,-0.053684752,-0.23929974,-0.0017400512,0.1291191,-0.13076745,0.06672101,-0.09144151,-0.11352054,0.23393805,-0.10903258,0.018952753,-0.07099325,-0.18350396,0.23446576,0.13113768,0.1272082,-0.36688498,-0.036298044,-0.045537554,-0.039247066,-0.20723276,0.266985,0.040299125,0.00624193,-0.0053416095,0.16556957,0.28965518,0.0873126,0.11455864,0.06304616,-0.025885975,-6.40822e-33,-0.20524943,-0.16000286,0.144278,-0.020803945,-0.10852058,0.07114855,0.12157265,0.006208163,0.0029099945,0.10834838,0.04774555,-0.059015024,-0.005594488,-0.20022881,-0.24764049,-0.103475876,0.0716489,0.24399947,0.019431347,0.032281633,0.20402874,0.08298082,-0.09463008,0.38022372,-0.1276001,0.19734843,0.10215157,-0.034241326,-0.10964595,-0.132206,0.06138248,0.18371992,-0.12691483,0.02813618,-0.10527002,-0.024602337,-0.13606162,0.07998592,0.11850428,-0.14283296,0.23082016,0.19087638,0.11900052,0.033469535,-0.029916283,-0.02361645,0.028231349,0.056641337,0.11610124,0.08460658,0.046010423,0.09028656,0.24916312,-0.1535306,0.07126469,0.0090958895,0.042001642,-0.27363434,-0.2487074,0.190987,0.19304918,0.031297226,-0.20738289,0.012009404,0.14150402,-0.0832445,-0.015200285,0.02502409,0.2181218,0.24753915,-0.14065275,-0.17223905,0.05686126,-0.046648066,0.19065772,-0.054971438,-0.40064317,0.066875935,-0.18801312,0.020010898,-0.006726531,0.0686519,-0.213764,-0.05177451,0.1668549,-0.2519023,0.0643302,-0.06477072,0.15945837,0.07388319,-0.17670104,-0.087107256,-0.19339414,0.2412684,0.03818259,-9.9394065e-08,-0.058209118,-0.15710077,-0.34009728,0.12888862,0.14998709,-0.025591847,0.048648536,-0.088031396,-0.044684622,0.05466602,-0.059387524,-0.20127963,-0.17854424,-0.13180159,-0.07034799,-0.24858618,-0.036831982,0.11255673,0.026653303,-0.49858046,-0.10427176,-0.13548729,0.10896001,-0.18668422,-0.030305011,0.1269929,0.13347308,0.20975538,0.17159164,0.036007304,-0.37258846,-0.07041144,-0.033183545,-0.05505423,-0.2369602,-0.0048231375,0.21058874,0.09652019,-0.08401736,-0.10117095,0.057380285,0.18627001,-0.019230613,-0.11876608,-0.1045534,0.12379074,-0.14746408,0.08021965,0.15190367,-0.368954,0.16108108,-0.085500054,-0.018794404,0.10402578,0.017016178,0.08689924,-0.31972414,-0.025606599,0.045940075,-0.06594748,0.21925351,-0.12352144,-0.08198487,0.09837651]"
"6085aac2-209a-442c-b4c3-e19680e3e16b"	"Issue: Sudden surge in card transaction declines (Decline Code 59: Suspected Fraud) affecting over 1,800 retail cardholders purchasing on European travel portals.
Root Cause: Fraud Rule #914 ('Velocity check on 3DS 2.0 transactions without biometric step-up') was incorrectly activated in production mode instead of shadow test mode."	"{""status"": ""RESOLVED"", ""rationale"": ""The thread traces a critical production issue reported by Priya Nair regarding transaction declines and overwhelmed IVR queues. Tara Deshmukh registers the ticket, diagnoses the root cause as an incorrectly activated fraud rule, and disables it. Priya confirms that transactions are posting correctly, balance sheets reconcile, and the secondary issue is verified, allowing the ticket to be closed."", ""confidence"": 1.0, ""original_issue"": ""Sudden surge in card transaction declines (Decline Code 59: Suspected Fraud) affecting over 1,800 retail cardholders purchasing on European travel portals."", ""resolution_steps"": ""Disabled Fraud Rule #914 and executed automated SMS notifications to affected cardholders advising them to re-attempt purchases."", ""customer_sentiment"": ""SATISFIED""}"	"[-0.02052063,0.06469469,0.03931055,-0.048564404,0.048653517,-0.2365782,-0.0013973663,0.010937973,0.14352915,-0.07957156,0.24699298,0.10802983,0.021107731,0.07889087,-0.03690027,-0.21192873,-0.018377993,-0.037892055,-0.14763065,0.2857049,-0.0703552,-0.19258642,-0.25898793,0.15908375,0.04496003,-0.019306805,0.0050492305,-0.09800173,-0.023617718,-0.19806616,0.03764328,0.32932234,-0.06729382,0.11520615,0.118075386,-0.30431113,0.099985495,-0.18914641,-0.14811829,0.04128365,-0.026961327,-0.06548303,-0.11968556,0.14908065,0.10558552,0.107997864,0.06384814,0.0626308,-0.07224365,0.09316048,-0.13258068,0.04319954,0.10380031,-0.26397228,-0.13018782,-0.023922851,0.11098859,0.038209997,-0.003990198,-0.1417869,0.27023464,-0.10443512,0.032215927,-0.054619282,-0.1488347,0.114472695,-0.12914477,-0.09289108,-0.10494165,0.18692024,0.27223077,-0.11822341,0.011344434,0.18954016,0.13488492,0.033338293,-0.08703045,-0.113902375,0.08868653,-0.11380769,0.08642928,-0.2301455,-0.17503284,0.06044024,0.0946154,0.018046796,-0.081953034,0.041058544,-0.114032425,-0.16783918,0.22195557,0.017571714,0.15921831,-0.0204666,-0.07143953,-0.06888955,0.0017466965,-0.053604897,0.06311523,0.07504842,0.04621857,0.14498614,-0.101356335,0.18714449,0.050590944,0.0003751403,0.21338518,0.11277298,0.07480205,0.050919417,-0.02040315,0.13449469,0.036783956,-0.13289742,-0.093451,0.33142895,-0.0072246296,0.12295512,0.009055169,0.05449658,-0.010045279,0.12189231,-0.0804131,-0.034397665,-0.15704006,0.12973689,0.036621016,1.2304844e-32,-0.013290751,-0.031242115,-0.10752745,-0.16559799,-0.016144076,-0.039118413,-0.11994328,-0.06269536,0.024294136,0.014781643,-0.25968918,-0.052234843,0.08993432,-0.0012194355,-0.12360652,-0.01200062,0.020350507,0.10995919,0.077923864,0.13418154,0.20300516,-0.37116352,0.041518405,-0.030258615,-0.1718022,0.26432085,-0.22742687,0.01244203,0.29458043,0.028427145,-0.018951919,-0.17440613,0.20781296,-0.12234589,0.10714126,0.30274454,0.048954815,-0.053510908,-0.14330217,0.00821599,-0.2682048,-0.0030251327,-0.2185403,-0.13364717,-0.14315952,0.0864934,0.20998716,-0.09911574,-0.15130043,0.12764314,-0.24767102,0.062456433,0.005854892,0.07467752,0.009109596,-0.10281048,-0.02827572,0.020500379,-0.0146751,0.023978254,0.06139154,-0.07033903,-0.12823655,-0.1485991,-0.056378204,-0.033248678,0.10238861,0.023541775,-0.2274902,0.19746533,0.042154707,0.1881033,-0.08661872,-0.048854027,0.15748455,-0.12012801,0.0025676733,0.17062245,-0.029557621,-0.2325483,-0.27470812,-0.15207012,0.20498888,-0.099296905,0.0381474,0.11798441,0.09188593,0.06829526,-0.074189804,0.11174952,-0.118776724,-0.048634958,0.27595088,0.09169622,0.22779043,-1.3725751e-32,-0.32651052,0.037471823,-0.13055906,0.049623583,-0.10470495,0.0057285987,0.043223515,0.219218,0.035924703,-0.19215941,-0.008048679,0.02739859,-0.03776688,0.01835144,0.16499107,-0.1601829,0.03936678,0.009726735,0.19077949,0.031783342,0.15160346,0.07359717,-0.2148281,0.15623154,-0.1934117,0.26139647,-0.02761084,0.056612216,0.039277855,-0.06460025,0.011264668,0.2885994,-0.07178933,0.37090787,0.045111097,-0.05496927,-0.20959519,0.23865257,-0.03693982,-0.10687249,-0.2302051,0.25722235,0.16037033,0.052484773,-0.01614667,-0.0027934078,0.14352824,-0.057041727,0.2797912,0.078662746,-0.19170502,-0.11673626,0.13755503,0.4179139,-0.04160205,0.20858647,0.022708448,-0.016508758,-0.003951844,0.12999924,-0.0813477,-0.06819667,-0.10004635,-0.03931749,0.2809764,-0.016328162,0.089808226,0.0996135,0.22188614,-0.098738775,-0.027152801,0.08843946,-0.10096531,0.097904645,-0.08530067,-0.2281128,-0.2447487,0.123087734,-0.030824171,-0.0485125,0.105329156,-0.051488575,0.10884255,0.050292645,-0.04893676,0.00769705,-0.11525361,-0.037412982,0.041629463,-0.07833191,-0.08950776,-0.008096669,-0.082205564,-0.058375284,-0.13114142,-9.992606e-08,-0.20022525,-0.05363815,-0.06142439,0.13163577,0.0708483,0.0041342,-0.02425736,0.14580809,-0.11862603,-0.14329217,-0.08822737,-0.07785167,-0.06216725,-0.28624785,0.21748075,-0.2490566,-0.15734874,-0.040950317,-0.03837665,0.038486253,0.061596435,0.051956434,0.040873535,-0.09164464,-0.15026467,0.07568874,0.27418026,0.19385885,0.10148013,-0.22398524,-0.048372906,-0.023708856,0.15567045,-0.008938755,-0.14598794,0.005192122,0.038165074,0.15283969,0.1420229,-0.03936212,-0.16356157,-0.13689102,-0.053522773,-0.12821056,-0.15562665,-0.17183526,-0.1404598,-0.06912667,0.12699912,-0.14719103,-0.06628988,-0.084206,-0.034243222,0.26059052,0.082294606,-0.1167852,-0.02657723,-0.022344587,-0.013836081,-0.048760585,0.24011117,-0.24292612,-0.07198331,-0.05926374]"
"5c8da598-dc4c-4bdd-b93b-74ac7206bc5a"	"Issue: Customer service phone IVR queues overwhelmed with wait times exceeding 45 minutes.
Root Cause: The surge in transaction declines caused a massive influx of customer calls, overwhelming the IVR queues."	"{""status"": ""RESOLVED"", ""rationale"": ""The thread traces a critical production issue reported by Priya Nair regarding transaction declines and overwhelmed IVR queues. Tara Deshmukh registers the ticket, diagnoses the root cause as an incorrectly activated fraud rule, and disables it. Priya confirms that transactions are posting correctly, balance sheets reconcile, and the secondary issue is verified, allowing the ticket to be closed."", ""confidence"": 1.0, ""original_issue"": ""Customer service phone IVR queues overwhelmed with wait times exceeding 45 minutes."", ""resolution_steps"": ""Resolved the primary transaction decline issue, which stopped the influx of calls, allowing transaction queues and IVR wait times to return to normal baseline latency."", ""customer_sentiment"": ""SATISFIED""}"	"[-0.22976549,-0.03912186,0.18228514,-0.24580157,-0.2325033,-0.29041404,-0.08604335,0.069840334,0.19342756,0.036723167,0.15336111,-0.077227116,-0.049960136,0.011630295,-0.0019552438,-0.18720785,0.21565755,-0.26095077,-0.19542837,0.12371022,-0.20225005,0.24218532,-0.2985539,0.11084515,0.08148299,-0.17007786,-0.2730319,0.077422075,0.17775175,-0.19373281,0.03657289,0.14023581,0.20306744,-0.061325986,-0.18418421,-0.07892019,-0.06609825,-0.023333658,0.23984897,0.07939316,0.20453446,0.06520411,-0.05477371,0.1856341,0.1645191,-0.054193586,-0.15235841,-0.14882472,0.22554345,0.10915342,-0.1467906,0.10938372,-0.010549795,-0.11648616,-0.00872686,-0.07973364,0.12304211,0.118556,0.060241707,0.13298151,-0.11784917,0.2612986,0.18585412,0.0023843448,-0.25559878,0.21231553,0.08813577,0.13498986,-0.05799842,0.08698571,0.21935086,0.0860161,-0.16037348,0.1225,-0.12868617,0.22743762,-0.033925753,-0.09953611,-0.039741907,-0.056619342,0.19087604,-0.27333897,0.021673836,0.0025549587,0.03349795,-0.13910922,0.1458657,-0.0779794,-0.09297136,-0.11071442,0.17858624,0.085315906,0.07053427,-0.05618258,0.14622495,0.2129466,-0.19542547,-0.15002358,-0.06493052,-0.098973975,-0.02598627,-0.046886038,0.095523514,0.3335413,-0.20872979,-0.12919573,0.05416769,0.09873611,-0.26429686,0.25242144,0.121491656,0.09809047,0.054779086,-0.0634843,0.055605322,0.24743639,0.025438102,0.003427746,0.26401752,0.07679549,-0.023273548,0.038020093,-0.27362522,-0.31245485,0.11878846,0.10439521,0.18601036,8.014581e-33,-0.3502048,-0.12430098,-0.067643315,-0.066468455,-0.092132136,-0.04603128,0.05409606,0.23384011,-0.022168312,-0.09740684,-0.3415409,-0.17856866,0.033225216,-0.059987694,-0.100488774,-0.32637793,0.11986192,0.028760416,-0.23814818,-0.0920874,0.12166144,-0.5333999,-0.20359702,0.1885205,-0.0039384267,0.041360516,0.087656565,-0.23431076,0.15789162,-0.05532464,0.043697704,0.13274685,0.051611587,0.1970099,0.03217816,0.16864304,0.15740398,0.0018453168,0.080601856,-0.13051756,-0.45735672,0.04715848,-0.31228465,0.25975475,0.04440491,0.06290008,-0.16330901,-0.3640204,-0.27679992,0.14954099,-0.26294658,0.09475893,-0.26164553,0.24596436,0.0469112,0.20320874,0.15766524,0.024054376,-0.30067945,0.177054,-0.01607972,-0.043641403,-0.06990336,-0.024865188,0.2562543,-0.0064082216,-0.17464279,-0.32561815,0.013937386,0.138457,0.1093,0.09254328,0.2144191,-0.1511689,0.09550253,-0.049847897,-0.25899345,0.10945531,0.03532456,-0.3621086,-0.0530631,-0.17622787,0.045679085,-0.09259952,0.30159864,-0.063276894,0.16612136,0.047702994,-0.017197797,0.3326096,-0.17686395,0.25126654,-0.016603382,0.028123464,-0.08781528,-8.945267e-33,-0.040256824,-0.3511414,0.077750266,0.25495058,0.06670829,-0.038690504,0.027421106,0.40581116,-0.013363665,-0.10656556,-0.18351538,0.16970038,0.09286324,0.04594161,-0.09062952,0.011742075,0.27644065,-0.08370034,0.19974822,0.18315633,0.08909366,-0.07923988,-0.11999332,0.17775029,-0.085255586,0.015974298,-0.1409414,-0.015300892,0.15966141,-0.05172264,-0.25326648,-0.09879781,0.06461066,-0.010078021,0.09628955,0.11512834,0.11734026,0.17897363,0.09114809,-0.040554922,0.038828712,-0.12905988,0.041915838,-0.25730395,-0.02883139,-0.054846756,0.052145753,-0.087952174,-0.018514834,0.022569874,-0.11255416,-0.088534206,0.1918279,0.5268069,-0.16558895,-0.15611517,0.22290248,-0.3942552,-0.011240073,0.15831879,0.3066778,0.13779986,0.027014548,-0.39151606,0.38480315,-0.07542758,0.3191383,-0.29553452,0.2221533,-0.092380434,-0.0059374073,-0.09552926,-0.04675142,0.08127326,0.06667713,-0.19809914,-0.4610019,-0.17794019,0.036372393,-0.30243993,0.15654813,0.24190092,0.026137264,-0.15332049,-0.1358314,0.21696797,0.3284943,0.021578616,0.08022492,-0.11460152,-0.02396659,0.008610012,-0.0881285,-0.007522248,-0.18258797,-9.9378404e-08,0.20544888,0.018661633,0.12587602,-0.04189195,0.23296846,-0.08775371,0.0028619738,0.22625524,0.035809733,0.17166531,0.11066866,-0.022133514,-0.009252871,0.18917415,0.286614,0.0019767198,0.0050977184,-0.1379287,-0.06307234,-0.08743069,-0.037886955,0.042202838,-0.07661109,-0.4628818,-0.02530841,0.12774685,0.1979087,0.014458816,0.1558028,-0.22516505,-0.22464582,0.158885,-0.060906768,-0.16050074,-0.16626264,0.021192871,0.055651587,-0.30035645,0.20480683,-0.21055524,-0.03741753,-0.18085472,-0.16841874,0.04198093,0.25978404,0.047228795,-0.30405957,0.10129608,0.07100483,-0.025832165,0.10865459,-0.10463794,0.048215803,0.09348176,0.16846682,-0.1478092,0.1308987,0.00041590206,0.23207921,0.34842217,0.08665382,-0.16102196,-0.0938682,-0.017037801]"
"6ff2dcf0-4db3-4437-94f9-a45a0a03a660"	"Issue: Third-Party Providers (TPPs) experiencing 504 Gateway Timeout errors on the `/open-banking/v3.1/aisp/accounts` endpoint during morning peak hours.
Root Cause: A retry-storm from an external aggregator (Plaid/Tink) overloaded the gateway during peak hours, causing 504 Gateway Timeout errors."	"{""status"": ""UNRESOLVED"", ""rationale"": ""In Turn 1, Ahmed Al-Mansoor reports two issues: a primary production issue involving 504 Gateway Timeout errors on the open banking accounts endpoint, and a secondary issue regarding invalid token responses on the sandbox authorization portal. In Turn 2, Mei Ling Zhou acknowledges the report, opens ticket BNK-2026012, and begins investigating. In Turn 3, the support team follows up, stating that the external aggregator (Plaid/Tink) throttled their retry-storm logic, which was the root cause of the primary issue. However, because the customer did not respond to requests for additional network captures and confirmation within the 72-hour SLA window, the ticket was marked as ABANDONED / AUTO-CLOSED. The secondary sandbox issue was never addressed. Therefore, both issues are classified as UNRESOLVED due to the ticket being abandoned and closed without customer confirmation or complete resolution of all reported items."", ""confidence"": 0.95, ""original_issue"": ""Third-Party Providers (TPPs) experiencing 504 Gateway Timeout errors on the `/open-banking/v3.1/aisp/accounts` endpoint during morning peak hours."", ""resolution_steps"": ""Analyzed transaction telemetry, gateway event journals, and microservice logs. Identified that an external aggregator (Plaid/Tink) was causing a retry-storm, which was subsequently throttled."", ""customer_sentiment"": ""NEUTRAL""}"	"[0.06530115,0.015483151,0.1272395,-0.0567239,0.01512862,-0.21962452,-0.0034817916,0.014875516,0.07857556,0.100056134,-0.029969601,0.066888124,-0.10122459,0.07203683,0.23036805,0.17670494,-0.09722736,-0.15565892,-0.06508322,-0.09731348,-0.0973202,-0.19651331,-0.24713905,0.32799447,-0.01636315,0.011532009,-0.045127936,-0.030894505,-0.07977696,0.035501882,-0.11925911,-0.02802833,-0.30170104,-0.1949657,0.16404751,-0.011715489,-0.10578021,0.091442905,0.010123698,-0.14736928,0.33549717,-0.0013114506,-0.06799277,0.037458524,0.2590266,0.016029742,0.028443217,-0.14414322,0.14025761,0.09568453,-0.023388697,0.22742401,0.07586967,-0.17948525,-0.027136764,0.089494474,-0.014092393,-0.05402405,0.15636143,0.15100095,-0.042872697,0.016524518,0.111061044,-0.03920694,-0.049489442,0.08433572,-0.01773918,-0.010495932,-0.14332439,0.20076926,-0.13794543,0.053166896,-0.34520075,0.119156435,0.1535645,0.15996066,0.16154073,-0.04435902,0.13649888,-0.23062554,0.17724513,0.08536014,0.08708526,0.10053049,-0.02728322,-0.07784645,0.103021845,0.07311384,-0.00012248698,-0.04136199,-0.018921843,0.034374963,-0.014790349,0.070693664,0.27559546,-0.016024476,-0.14001082,-0.17712204,-0.03485667,-0.02333309,-0.016231507,0.18127345,0.07644033,0.1878608,-0.0829705,0.11815893,0.22178067,0.093756974,0.07637996,0.06031558,-0.022205802,-0.03816241,0.26699972,-0.076909676,0.20808521,0.09623467,-0.17624362,0.036987476,0.025258046,0.007201881,-0.091920316,0.07991033,0.010207488,-0.2562944,0.08718721,0.1860588,0.058762915,1.0678704e-32,-0.035888154,0.120903775,-0.10582007,0.020159217,0.104572125,-0.18518342,0.039620813,-0.011488555,-0.07127029,-0.07580524,-0.23339997,-0.22415516,-0.085875034,-0.18040265,-0.10593023,-0.09550348,0.20878696,0.265909,0.0070028338,0.097478986,0.050281595,-0.3462946,-0.012474584,-0.099188335,0.057818584,0.16318415,0.0117398035,0.020686766,0.2626512,-0.002980529,0.19515231,0.0015663585,0.061641473,0.038491573,0.03591148,-0.09105425,0.10271405,-0.05056436,-0.13381484,0.15815946,-0.31116316,0.2726244,-0.019854568,0.052296113,-0.067356795,-0.04900444,-0.0016306028,0.050336163,0.03198262,0.25486487,-0.31831548,0.08212631,-0.17399307,-0.095155664,-0.053309023,-0.035033412,-0.14813416,0.026023626,0.05051707,0.047102664,0.12924649,-0.124795556,-0.32099694,-0.17303295,0.22265927,0.11061064,-0.055047456,0.07568024,-0.12080315,0.12027313,0.11728426,0.004866537,0.07034444,0.111863405,-0.092817746,-0.39416787,0.034881808,0.042442515,-0.082048476,-0.071505666,-0.120063014,-0.18162397,0.24808311,-0.119663216,-0.07750922,0.058999967,0.17100322,-0.060759496,-0.14703044,0.078937046,-0.162895,0.1537496,0.18987367,0.16781646,-0.20806691,-7.194101e-33,-0.18904163,-0.12357993,-0.047818147,0.21988471,-0.082520165,-0.0048705707,0.054186944,0.2539427,0.123753645,0.1807645,0.0917569,0.047945954,0.16239782,-0.37383577,-0.06763308,-0.24735309,0.14381543,-0.06486917,0.14625779,0.1163771,0.17676684,-0.0542097,-0.12504673,-0.20038964,0.1234304,0.41276917,-0.14476913,0.0616308,-0.12835638,-0.0017097852,-0.12472836,0.054598197,0.11434752,0.17972112,0.08301228,0.09378485,-0.15100941,-0.06263133,0.018809335,0.071864046,0.12557758,0.077353835,0.0765289,-0.21849456,0.03478529,0.13661163,-0.10380324,0.057240926,0.10980112,0.03763947,-0.09919677,-0.21927606,0.12064616,0.2993565,-0.05801265,-0.032508187,0.2189133,-0.052977398,-0.03489068,-0.10137951,-0.017592205,0.061907835,0.042552385,0.13522588,0.27878252,0.12725154,0.027899738,-0.09152426,0.21104844,-0.118075445,-0.12146307,-0.23184358,-0.06115388,-0.050059326,-0.08142677,0.059172954,-0.24146298,-0.020664562,-0.05690279,-0.14304234,-0.13019226,0.10011637,-0.068899825,-0.06262394,-0.055712823,-0.081968024,0.05488887,0.08046088,0.14448115,0.07913517,0.08004162,-0.009203904,-0.06833717,0.32565787,0.0033172888,-9.977875e-08,0.09555162,0.043981962,-0.039033335,0.06559517,0.010000098,-0.0346603,0.025788726,0.098275304,-0.05051503,0.19872606,-0.11427416,-0.023389839,-0.05018477,-0.055844087,0.06270429,-0.1538715,-0.20927605,-0.091651306,-0.1422816,-0.16305223,-0.18061696,-0.10393704,-0.072266206,-0.24096112,-0.173835,0.014535531,0.067889206,0.041315854,0.11758095,-0.18616393,-0.45626757,0.076583885,-0.061665155,-0.12059779,-0.13366677,0.1785854,-0.050737813,-0.009302174,-0.14351146,0.16120319,0.04027788,-0.11659763,0.01833438,-0.21563397,0.080944344,0.032065507,-0.35238144,0.26449144,0.1767271,-0.016142739,0.013589938,0.053970434,-0.012145645,0.01025115,0.09687441,-0.07530981,0.0032529526,-0.19054273,0.10230986,-0.09639991,-0.066240974,-0.04323802,-0.068398625,-0.094509564]"
"ba31da12-2701-4109-9766-290541b7a822"	"Issue: Fintech developers reporting invalid token responses on the sandbox authorization portal.
Root Cause: Undetermined. The issue was not investigated or addressed in the support thread before the ticket was auto-closed."	"{""status"": ""UNRESOLVED"", ""rationale"": ""In Turn 1, Ahmed Al-Mansoor reports two issues: a primary production issue involving 504 Gateway Timeout errors on the open banking accounts endpoint, and a secondary issue regarding invalid token responses on the sandbox authorization portal. In Turn 2, Mei Ling Zhou acknowledges the report, opens ticket BNK-2026012, and begins investigating. In Turn 3, the support team follows up, stating that the external aggregator (Plaid/Tink) throttled their retry-storm logic, which was the root cause of the primary issue. However, because the customer did not respond to requests for additional network captures and confirmation within the 72-hour SLA window, the ticket was marked as ABANDONED / AUTO-CLOSED. The secondary sandbox issue was never addressed. Therefore, both issues are classified as UNRESOLVED due to the ticket being abandoned and closed without customer confirmation or complete resolution of all reported items."", ""confidence"": 0.95, ""original_issue"": ""Fintech developers reporting invalid token responses on the sandbox authorization portal."", ""resolution_steps"": ""None. The support team focused on the primary production issue and did not provide diagnostics or resolution steps for the sandbox portal issue before closing the ticket due to customer inactivity."", ""customer_sentiment"": ""NEUTRAL""}"	"[0.09868078,-0.07821524,0.12751135,-0.06922369,0.1343006,-0.15693547,0.045239743,-0.040107034,0.032053053,0.010166198,-0.05272423,-0.10351431,-0.014769384,0.15888835,0.07280776,0.0012498894,0.014856397,-0.071291104,-0.014809325,0.24455684,0.08760592,-0.0015202368,-0.10160687,0.021445874,-0.08385342,-0.1092316,-0.028794033,-0.05492954,-0.1625261,0.027516246,-0.111924976,0.21565439,-0.24681859,-0.110096864,0.33219004,0.093316324,-0.10912223,-0.0687167,0.085755415,-0.33229503,0.040372774,-0.067602605,0.00622428,0.13106073,0.123766474,-0.06783147,0.12959664,-0.27738833,0.05888171,0.1826862,0.0065900255,-0.059859082,0.20793265,-0.10506692,-0.25135744,0.01396377,-0.08311482,0.08596218,0.2582133,-0.13696228,0.31702274,-0.14195165,0.07499509,-0.16016418,-0.021250816,0.031895395,-0.047624968,-0.16450475,-0.03115195,0.0012152656,0.10840934,0.10416675,-0.31312647,0.19471774,0.13181515,0.2223228,0.011599336,0.057067707,0.2798799,-0.15446885,0.02937713,-0.20264071,0.22333807,0.014034146,0.12977695,0.1789369,-0.034760248,0.17838322,0.09614289,0.28479108,0.06855831,0.010378841,0.2624565,-0.015705982,0.14566858,-0.39685667,-0.094238736,-0.011155331,-0.1913165,0.11016782,0.08376736,0.15664507,-0.10069299,0.0695802,0.22316222,0.14619674,0.06493353,0.03306766,0.29429057,0.05889277,-0.11008337,-0.048573136,0.0356464,0.028384663,-0.17742026,0.34001148,-0.27493447,-0.01196301,0.05270245,0.18955263,0.12370477,-0.036063187,-0.1726277,-0.09887858,-0.033044565,-0.06678622,-0.15901881,-6.869226e-34,-0.2834827,0.024109114,0.06247359,-0.06817093,0.28027865,-0.16142617,-0.04645109,-0.1699211,-0.08571967,-0.014042004,-0.16023734,-0.029118538,0.19184223,0.008479887,-0.09622938,-0.13909478,-0.064510435,0.060766038,-0.029096663,0.10324025,0.0222784,-0.056296337,0.116727896,-0.103417926,-0.0070353854,-0.0031450458,-0.021648325,0.09460641,0.4165788,0.1250495,-0.21731238,-0.08574141,0.27932152,-0.02416463,0.12511736,0.028800987,0.32291076,-0.16073056,-0.22645424,-0.06155551,0.015185695,0.018050557,-0.05148622,0.05991982,-0.07700256,-0.09770086,-0.1262446,0.15883721,0.20223537,0.11970871,-0.4980339,0.07464915,-0.17492379,-0.2738476,-0.09084713,-0.350387,-0.28042862,-0.0508782,-0.3759509,-0.12569962,0.11931118,-0.071382426,-0.10140185,-0.11023114,-0.27566016,0.23294276,-0.02137643,0.13523632,-0.03053961,-0.037919175,-0.063463144,0.15201578,0.12918591,0.04671553,-0.41230676,-0.12098896,0.13229413,0.012488411,-0.023587622,0.06520772,0.09673867,-0.056525294,0.059725534,0.011641372,-0.09849308,0.36860278,-0.040882733,0.1860738,0.12799487,-0.10909713,0.19347095,0.09349006,0.06328027,0.24034709,-0.25379184,-5.6740018e-33,-0.34352607,-0.014366126,-0.10953695,-0.05960058,0.01910116,0.15090589,0.0437946,0.029916592,0.17278959,-0.022801004,-0.010302327,0.018021984,-0.033351947,-0.057642873,-0.12285188,-0.08261003,-0.12192661,-0.07762627,0.19477712,0.008140304,0.011026888,0.12193144,-0.1306714,0.12867801,-0.06909036,0.18528552,-0.079884104,0.16049775,0.0025132298,0.03602497,0.31158355,0.013507857,-0.09187176,0.15152313,0.06928381,-0.18313967,-0.03829904,-0.08602774,-0.012622594,0.06335365,0.04663454,-0.16197313,0.049436733,-0.017233238,0.10081404,-0.071626276,0.22309232,-0.08893693,0.19051419,-0.026566822,-0.009241912,-0.14443426,0.3395401,-0.039980397,-0.21545519,0.23815082,0.24369214,0.09245718,0.2329423,-0.082421295,-0.038587775,0.061554376,0.097622044,0.07961232,0.1556805,0.0049884166,-0.032434955,0.2803679,0.040043853,-0.05021836,-0.15838657,-0.06773483,-0.004598521,0.14230075,0.13253188,0.03023162,-0.20193453,-0.13445699,-0.25288188,0.12620543,-0.12727895,0.16378647,-0.034179643,0.16998543,0.007607362,-0.10738156,0.10698776,0.031262442,0.08530917,0.0036289922,-0.04163061,-0.32992056,-0.23746859,0.23551911,-0.15348543,-9.935707e-08,0.08110047,0.095587686,-0.2811249,0.05901903,0.08466517,0.004723429,-0.15681674,-0.053901438,-0.14648409,-0.05426173,-0.39728087,0.08677904,-0.27840883,-0.077645056,0.025554007,-0.095882244,-0.30060616,0.25475103,-0.00036100636,-0.3494303,-0.07750273,0.04119655,0.09940653,-0.19627307,-0.2573992,0.18560232,0.045562007,0.3419929,-0.116073735,-0.13928686,-0.377195,0.06339555,-0.017773854,-0.28733054,-0.3270446,0.09304463,0.04439083,-0.09388924,0.02364651,0.11145728,-0.06378006,0.12125599,0.13804972,-0.08719241,-0.118046045,0.089768186,-0.07106228,0.23051332,0.3171953,-0.2691152,0.044071015,-0.00838176,-0.18176211,0.30954924,0.15953179,0.023979463,-0.23330307,-0.21369618,0.06703354,-0.14542532,0.34273836,-0.12007143,0.008333081,-0.09669847]"
